user,interface,diversity,order,topic,query_count,pages,pages_per_query,doc_count,doc_count_per_query,doc_depth_per_query,doc_rel_count,doc_rel_depth_per_query,doc_rel_depth_per_serp,hover_count_per_query,hover_depth_per_query,hover_trec_rel_count,hover_trec_nonrel_count,rels_found,nrels_found,clicked_rel,clicked_nrel,abandoned_serps,query_time,serp_time,doc_time,mark_time,mark_time_limited,serp_examination_time,serp_examination_time_limited,time_per_query,time_per_doc,time_per_serp,time_per_snippet,time_per_mark,time_per_mark_limited,time_per_serp_examination,time_per_serp_examination_limited,pmr,pmn,pcr,pcn
28,0.00,2,0,367,2.00,5.00,2.50,9.00,4.50,15.50,8.00,8.50,3.40,67.00,21.00,0.00,9.00,7.00,1.00,7.00,2.00,0,17.44,165.70,86.15,8.92,8.92,40.45,30.20,8.72,9.57,33.14,1.24,1.11,1.11,8.09,6.04,1.00,0.50,0.00,0.22
28,0.00,1,1,347,4.00,6.00,1.50,17.00,4.25,12.25,7.00,7.75,5.17,37.50,16.75,12.00,55.00,3.00,4.00,7.00,10.00,1,29.60,177.14,297.85,25.62,8.27,54.83,47.71,7.40,17.52,29.52,1.18,3.66,1.18,9.14,7.95,0.43,0.40,0.58,0.18
28,0.00,3,2,341,5.00,9.00,1.80,10.00,2.00,9.80,8.00,9.00,5.00,36.40,19.80,4.00,95.00,1.00,7.00,1.00,9.00,0,46.08,256.51,163.68,4.51,4.51,54.81,40.66,9.22,16.37,28.50,1.41,0.56,0.56,6.09,4.52,1.00,0.78,0.25,0.09
28,0.00,4,3,435,3.00,13.00,4.33,12.00,4.00,23.00,8.00,20.00,4.62,82.67,42.00,33.00,93.00,7.00,1.00,8.00,4.00,0,9.31,229.87,145.04,6.14,6.14,70.00,48.50,3.10,12.09,17.68,0.93,0.77,0.77,5.38,3.73,0.88,0.25,0.24,0.04
28,0.00,2,4,408,1.00,8.00,8.00,9.00,9.00,79.00,8.00,79.00,9.88,167.00,80.00,33.00,47.00,3.00,5.00,4.00,5.00,0,9.23,117.05,62.64,5.07,5.07,33.39,33.39,9.23,6.96,14.63,0.70,0.63,0.63,4.17,4.17,0.75,1.00,0.12,0.11
48,0.00,2,0,367,1.00,2.00,2.00,6.00,6.00,20.00,7.00,20.00,10.00,68.00,20.00,0.00,0.00,5.00,2.00,4.00,2.00,0,3.57,73.56,100.14,20.03,20.03,15.32,15.32,3.57,16.69,36.78,1.08,2.86,2.86,7.66,7.66,1.25,1.00,0.00,0.00
48,0.00,3,3,435,3.00,11.00,3.67,14.00,4.67,30.67,6.00,23.67,6.45,71.33,34.00,34.00,68.00,4.00,2.00,5.00,9.00,1,17.33,215.97,173.97,6.66,6.66,28.06,28.06,5.78,12.43,19.63,1.01,1.11,1.11,2.55,2.55,0.80,0.22,0.15,0.13
48,0.00,4,2,341,6.00,17.00,2.83,8.00,1.33,16.17,6.00,16.17,5.71,41.17,23.17,14.00,125.00,2.00,4.00,2.00,6.00,2,37.90,260.53,197.80,12.23,6.37,26.79,26.79,6.32,24.73,15.33,1.05,2.04,1.06,1.58,1.58,1.00,0.67,0.14,0.05
48,0.00,2,1,347,2.00,9.00,4.50,8.00,4.00,30.00,6.00,29.00,6.44,109.00,39.00,29.00,49.00,4.00,2.00,5.00,3.00,0,11.82,236.05,103.36,11.32,6.07,23.77,9.75,5.91,12.92,26.23,1.08,1.89,1.01,2.64,1.08,0.80,0.67,0.17,0.06
48,0.00,1,4,408,3.00,6.00,2.00,7.00,2.33,12.00,5.00,12.00,6.00,32.67,16.33,11.00,38.00,1.00,4.00,1.00,6.00,1,9.13,82.38,53.29,8.21,8.21,12.87,12.87,3.04,7.61,13.73,0.84,1.64,1.64,2.15,2.15,1.00,0.67,0.09,0.16
36,0.00,2,0,367,5.00,5.00,1.00,3.00,0.60,1.40,3.00,1.20,1.20,2.20,1.60,4.00,3.00,3.00,0.00,2.00,1.00,3,52.79,61.75,233.55,104.14,1.77,48.39,7.91,10.56,77.85,12.35,5.61,34.71,0.59,9.68,1.58,1.50,0.00,0.50,0.33
36,0.00,2,1,347,2.00,3.00,1.50,10.00,5.00,14.50,4.00,14.50,9.67,37.00,15.00,3.00,27.00,1.00,3.00,1.00,9.00,1,16.92,114.33,216.72,26.61,6.15,13.60,13.60,8.46,21.67,38.11,1.55,6.65,1.54,4.53,4.53,1.00,0.33,0.33,0.33
36,0.00,4,2,341,2.00,2.00,1.00,4.00,2.00,9.00,4.00,9.00,9.00,12.50,9.00,4.00,14.00,3.00,1.00,3.00,1.00,1,38.39,69.57,234.80,27.03,7.33,16.97,9.44,19.20,58.70,34.78,2.78,6.76,1.83,8.48,4.72,1.00,1.00,0.75,0.07
36,0.00,1,4,408,6.00,8.00,1.33,11.00,1.83,7.00,5.00,6.00,4.50,20.83,10.50,10.00,53.00,2.00,3.00,2.00,9.00,1,56.86,169.94,189.25,17.01,8.88,24.66,24.66,9.48,17.20,21.24,1.36,3.40,1.78,3.08,3.08,1.00,0.33,0.20,0.17
36,0.00,3,3,435,5.00,9.00,1.80,8.00,1.60,10.80,4.00,9.60,5.33,35.00,20.40,34.00,68.00,2.00,2.00,3.00,5.00,1,43.83,277.48,272.12,159.52,3.86,18.84,18.84,8.77,34.02,30.83,1.59,39.88,0.96,2.09,2.09,0.67,0.40,0.09,0.07
49,0.00,2,0,367,7.00,8.00,1.14,8.00,1.14,3.71,8.00,3.71,3.25,3.57,4.14,21.00,6.00,8.00,0.00,8.00,0.00,5,41.42,124.94,66.49,10.45,10.45,89.73,14.04,5.92,8.31,15.62,5.00,1.31,1.31,11.22,1.75,1.00,0.00,0.38,0.00
49,0.00,3,3,435,4.00,4.00,1.00,7.00,1.75,5.25,7.00,5.25,5.25,7.50,12.00,21.00,27.00,4.00,3.00,4.00,3.00,1,38.07,111.20,46.37,22.37,14.15,58.35,23.70,9.52,6.62,27.80,3.71,3.20,2.02,14.59,5.92,1.00,1.00,0.19,0.11
49,0.00,1,2,341,3.00,3.00,1.00,8.00,2.67,11.67,7.00,11.67,11.67,16.33,15.00,11.00,34.00,3.00,4.00,4.00,4.00,1,18.65,67.84,32.57,10.19,10.19,33.16,18.83,6.22,4.07,22.61,1.38,1.46,1.46,11.05,6.28,0.75,1.00,0.36,0.12
49,0.00,2,1,347,1.00,3.00,3.00,10.00,10.00,29.00,8.00,29.00,9.67,38.00,30.00,3.00,27.00,2.00,6.00,3.00,7.00,0,6.95,86.86,39.20,9.08,9.08,44.00,22.82,6.95,3.92,28.95,2.29,1.14,1.14,14.67,7.61,0.67,0.86,1.00,0.26
49,0.00,4,4,408,2.00,4.00,2.00,8.00,4.00,12.00,7.00,11.50,5.75,16.00,13.00,11.00,15.00,3.00,4.00,4.00,4.00,0,10.45,86.61,66.23,27.92,18.17,44.71,22.73,5.22,8.28,21.65,2.71,3.99,2.60,11.18,5.68,0.75,1.00,0.36,0.27
24,0.00,2,0,367,1.00,5.00,5.00,5.00,5.00,43.00,4.00,43.00,8.60,76.00,45.00,0.00,0.00,2.00,2.00,2.00,3.00,0,3.66,167.42,28.05,6.67,6.67,50.70,12.62,3.66,5.61,33.48,2.20,1.67,1.67,10.14,2.52,1.00,0.67,0.00,0.00
24,0.00,2,3,435,1.00,4.00,4.00,9.00,9.00,40.00,9.00,40.00,10.00,63.00,40.00,13.00,27.00,3.00,6.00,3.00,6.00,0,11.79,128.07,42.98,17.35,17.35,25.20,25.20,11.79,4.78,32.02,2.03,1.93,1.93,6.30,6.30,1.00,1.00,0.23,0.22
24,0.00,4,2,341,4.00,7.00,1.75,9.00,2.25,9.75,8.00,9.75,5.57,22.00,9.75,8.00,31.00,3.00,5.00,3.00,6.00,3,43.52,166.12,71.63,21.59,21.59,74.51,18.86,10.88,7.96,23.73,1.89,2.70,2.70,10.64,2.69,1.00,0.83,0.38,0.19
24,0.00,3,1,347,5.00,6.00,1.20,6.00,1.20,3.80,6.00,3.80,3.17,7.80,5.20,7.00,19.00,3.00,3.00,3.00,3.00,3,47.81,82.45,25.45,10.67,10.67,36.83,20.73,9.56,4.24,13.74,2.11,1.78,1.78,6.14,3.45,1.00,1.00,0.43,0.16
24,0.00,1,4,408,2.00,4.00,2.00,10.00,5.00,25.50,10.00,25.50,12.75,31.00,27.00,21.00,33.00,6.00,4.00,6.00,4.00,1,49.10,124.78,88.48,61.05,16.36,63.42,25.96,24.55,8.85,31.20,2.01,6.11,1.64,15.86,6.49,1.00,1.00,0.29,0.12
25,0.00,2,0,367,6.00,12.00,2.00,9.00,1.50,7.17,4.00,4.33,2.17,37.17,16.17,28.00,63.00,4.00,0.00,6.00,3.00,1,23.09,194.51,99.94,13.29,13.29,32.97,27.58,3.85,11.10,16.21,0.87,3.32,3.32,2.75,2.30,0.67,0.00,0.21,0.05
25,0.00,1,1,347,9.00,12.00,1.33,11.00,1.22,3.89,6.00,1.89,1.42,24.11,10.11,14.00,77.00,2.00,4.00,3.00,8.00,2,87.71,204.52,249.43,14.10,14.10,35.36,23.30,9.75,22.68,17.04,0.94,2.35,2.35,2.95,1.94,0.67,0.50,0.21,0.10
25,0.00,4,2,341,10.00,14.00,1.40,17.00,1.70,6.30,9.00,2.70,1.93,18.10,9.30,13.00,80.00,3.00,6.00,4.00,13.00,4,62.34,173.03,347.82,14.49,14.49,40.82,34.78,6.23,20.46,12.36,0.96,1.61,1.61,2.92,2.48,0.75,0.46,0.31,0.16
25,0.00,3,4,408,1.00,1.00,1.00,7.00,7.00,25.00,7.00,25.00,25.00,30.00,25.00,15.00,10.00,6.00,1.00,6.00,1.00,0,4.97,23.75,52.47,9.60,9.60,4.51,4.51,4.97,7.50,23.75,0.79,1.37,1.37,4.51,4.51,1.00,1.00,0.40,0.10
25,0.00,2,3,435,18.00,25.00,1.39,23.00,1.28,5.39,8.00,1.22,0.88,19.00,10.22,54.00,130.00,6.00,2.00,13.00,10.00,8,163.85,333.05,462.65,16.09,16.09,53.68,53.68,9.10,20.12,13.32,0.97,2.01,2.01,2.15,2.15,0.46,0.20,0.24,0.08
26,0.00,2,0,367,6.00,22.00,3.67,6.00,1.00,5.50,4.00,5.50,1.50,54.00,32.00,16.00,160.00,3.00,1.00,5.00,1.00,2,59.47,406.36,126.95,13.04,13.04,81.70,43.11,9.91,21.16,18.47,1.25,3.26,3.26,3.71,1.96,0.60,1.00,0.31,0.01
26,0.00,2,3,435,2.00,16.00,8.00,11.00,5.50,67.00,6.00,67.00,8.38,109.00,77.00,54.00,100.00,5.00,1.00,6.00,5.00,1,14.64,212.88,84.06,18.45,11.53,48.97,36.61,7.32,7.64,13.30,0.98,3.08,1.92,3.06,2.29,0.83,0.20,0.11,0.05
26,0.00,3,2,341,32.00,56.00,1.75,10.00,0.31,2.38,8.00,2.06,1.18,19.94,14.34,46.00,413.00,3.00,5.00,4.00,6.00,8,322.10,1558.82,103.20,18.09,18.09,1078.49,85.37,10.07,10.32,27.84,2.44,2.26,2.26,19.26,1.52,0.75,0.83,0.09,0.01
26,0.00,1,1,347,22.00,26.00,1.18,8.00,0.36,0.59,7.00,0.59,0.50,16.73,11.05,62.00,181.00,2.00,5.00,2.00,6.00,7,109.88,264.75,72.26,12.36,12.36,40.51,34.33,4.99,9.03,10.18,0.72,1.77,1.77,1.56,1.32,1.00,0.83,0.03,0.03
26,0.00,4,4,408,7.00,14.00,2.00,11.00,1.57,12.29,8.00,12.29,6.14,28.29,17.00,31.00,88.00,2.00,6.00,3.00,8.00,3,51.42,186.52,97.45,17.97,12.14,27.38,27.38,7.35,8.86,13.32,0.94,2.25,1.52,1.96,1.96,0.67,0.75,0.10,0.09
27,0.00,2,0,367,6.00,7.00,1.17,5.00,0.83,3.17,5.00,3.17,2.71,11.67,4.83,5.00,6.00,5.00,0.00,5.00,0.00,3,127.42,172.57,79.18,65.77,8.83,38.57,13.57,21.24,15.84,24.65,2.47,13.15,1.77,5.51,1.94,1.00,0.00,1.00,0.00
27,0.00,1,3,435,1.00,2.00,2.00,6.00,6.00,8.00,6.00,8.00,4.00,59.00,20.00,1.00,19.00,1.00,5.00,1.00,5.00,0,45.17,97.60,17.45,7.73,7.73,12.34,12.34,45.17,2.91,48.80,1.65,1.29,1.29,6.17,6.17,1.00,1.00,1.00,0.26
27,0.00,2,2,341,3.00,6.00,2.00,5.00,1.67,9.33,5.00,9.33,4.67,31.00,16.67,7.00,43.00,0.00,5.00,0.00,5.00,0,62.33,127.93,13.14,4.97,4.97,13.59,13.59,20.78,2.63,21.32,1.38,0.99,0.99,2.27,2.27,0.00,1.00,0.00,0.12
27,0.00,4,1,347,12.00,12.00,1.00,5.00,0.42,0.67,5.00,0.67,0.67,3.75,1.50,5.00,13.00,4.00,1.00,4.00,1.00,8,226.70,96.72,20.07,9.29,9.29,23.68,23.68,18.89,4.01,8.06,2.15,1.86,1.86,1.97,1.97,1.00,1.00,0.80,0.08
27,0.00,3,4,408,6.00,8.00,1.33,6.00,1.00,6.83,6.00,6.83,5.12,14.50,13.50,23.00,58.00,2.00,4.00,2.00,4.00,1,69.64,132.53,13.10,4.63,4.63,26.21,26.21,11.61,2.18,16.57,1.52,0.77,0.77,3.28,3.28,1.00,1.00,0.09,0.07
20,0.00,2,0,367,2.00,4.00,2.00,7.00,3.50,17.50,4.00,11.00,5.50,28.00,19.00,13.00,5.00,4.00,0.00,6.00,1.00,0,7.16,130.70,151.39,22.97,4.07,51.36,21.74,3.58,21.63,32.67,2.33,5.74,1.02,12.84,5.43,0.67,0.00,0.46,0.20
20,0.00,3,3,435,4.00,9.00,2.25,10.00,2.50,13.50,6.00,12.50,5.56,19.50,23.75,24.00,71.00,2.00,4.00,3.00,7.00,2,11.94,181.26,127.59,11.84,11.84,86.55,49.08,2.98,12.76,20.14,2.32,1.97,1.97,9.62,5.45,0.67,0.57,0.12,0.10
20,0.00,2,2,341,4.00,8.00,2.00,7.00,1.75,8.25,4.00,7.00,3.50,17.50,16.75,5.00,62.00,0.00,4.00,1.00,6.00,0,17.69,389.35,116.29,18.59,6.02,89.41,17.41,4.42,16.61,48.67,5.56,4.65,1.50,11.18,2.18,0.00,0.67,0.20,0.10
20,0.00,1,1,347,1.00,5.00,5.00,7.00,7.00,46.00,6.00,46.00,9.20,43.00,48.00,13.00,35.00,2.00,4.00,2.00,5.00,0,7.29,101.56,39.77,13.08,13.08,26.13,19.86,7.29,5.68,20.31,2.36,2.18,2.18,5.23,3.97,1.00,0.80,0.15,0.14
20,0.00,4,4,408,2.00,4.00,2.00,9.00,4.50,18.00,8.00,18.00,9.00,25.00,18.50,12.00,25.00,2.00,6.00,2.00,7.00,1,10.10,93.63,57.27,14.57,14.57,45.16,24.53,5.05,6.36,23.41,1.87,1.82,1.82,11.29,6.13,1.00,0.86,0.17,0.28
21,0.00,2,0,367,5.00,5.00,1.00,6.00,1.20,3.80,4.00,1.40,1.40,18.00,8.20,25.00,6.00,3.00,1.00,5.00,1.00,1,49.16,83.31,45.29,9.08,9.08,10.43,10.43,9.83,7.55,16.66,0.93,2.27,2.27,2.09,2.09,0.60,1.00,0.20,0.17
21,0.00,1,1,347,5.00,5.00,1.00,8.00,1.60,8.00,5.00,4.00,4.00,11.60,11.40,6.00,51.00,1.00,4.00,1.00,7.00,0,36.35,101.30,79.17,12.08,4.88,13.75,13.75,7.27,9.90,20.26,1.75,2.42,0.98,2.75,2.75,1.00,0.57,0.17,0.14
21,0.00,4,2,341,3.00,4.00,1.33,12.00,4.00,10.33,5.00,6.33,4.75,24.67,11.00,5.00,28.00,3.00,2.00,3.00,9.00,2,17.53,75.98,168.75,7.45,7.45,11.25,11.25,5.84,14.06,18.99,1.03,1.49,1.49,2.81,2.81,1.00,0.22,0.60,0.32
21,0.00,3,3,435,1.00,2.00,2.00,5.00,5.00,23.00,5.00,23.00,11.50,43.00,23.00,7.00,16.00,4.00,1.00,4.00,1.00,0,7.84,32.57,43.67,4.27,4.27,4.93,4.93,7.84,8.73,16.29,0.76,0.85,0.85,2.46,2.46,1.00,1.00,0.57,0.06
21,0.00,2,4,408,4.00,6.00,1.50,7.00,1.75,5.50,6.00,5.50,3.67,21.25,10.75,17.00,26.00,2.00,4.00,3.00,4.00,1,19.61,73.32,46.90,5.52,5.52,13.20,13.20,4.90,6.70,12.22,0.86,0.92,0.92,2.20,2.20,0.67,1.00,0.18,0.15
22,0.00,2,1,347,2.00,2.00,1.00,12.00,6.00,6.00,5.00,5.50,5.50,39.00,7.50,4.00,11.00,3.00,2.00,4.00,8.00,0,9.23,102.74,178.13,18.25,6.09,20.17,20.17,4.62,14.84,51.37,1.32,3.65,1.22,10.09,10.09,0.75,0.25,1.00,0.73
22,0.00,3,2,341,12.00,14.00,1.17,22.00,1.83,6.92,4.00,1.42,1.21,16.42,9.83,25.00,93.00,1.00,3.00,6.00,16.00,6,70.65,229.00,325.55,9.24,9.24,58.95,52.28,5.89,14.80,16.36,1.16,2.31,2.31,4.21,3.73,0.17,0.19,0.24,0.17
22,0.00,1,3,435,2.00,5.00,2.50,6.00,3.00,7.50,4.00,7.50,3.00,33.50,19.00,3.00,35.00,2.00,2.00,3.00,3.00,0,15.92,95.90,76.29,4.76,4.76,15.22,15.22,7.96,12.71,19.18,1.43,1.19,1.19,3.04,3.04,0.67,0.67,1.00,0.09
22,0.00,2,0,367,3.00,10.00,3.33,6.00,2.00,11.00,4.00,11.00,3.30,37.67,26.67,30.00,46.00,4.00,0.00,6.00,0.00,1,7.51,134.22,31.75,5.56,5.56,25.31,25.31,2.50,5.29,13.42,1.19,1.39,1.39,2.53,2.53,0.67,0.00,0.20,0.00
22,0.00,4,4,408,5.00,6.00,1.20,7.00,1.40,3.60,4.00,2.60,2.17,12.20,5.60,5.00,23.00,1.00,3.00,2.00,5.00,2,28.74,73.84,45.47,4.17,4.17,15.42,15.42,5.75,6.50,12.31,1.21,1.04,1.04,2.57,2.57,0.50,0.60,0.40,0.22
23,0.00,2,0,367,2.00,5.00,2.50,13.00,6.50,13.50,6.00,11.00,4.40,74.50,18.50,1.00,5.00,4.00,2.00,6.00,7.00,1,10.22,405.29,387.76,29.78,17.24,71.16,36.44,5.11,29.83,81.06,2.72,4.96,2.87,14.23,7.29,0.67,0.29,6.00,1.40
23,0.00,3,3,435,1.00,15.00,15.00,25.00,25.00,82.00,9.00,69.00,4.60,219.00,149.00,18.00,131.00,7.00,2.00,9.00,16.00,3,38.47,882.78,503.01,25.76,16.59,241.22,41.25,38.47,20.12,58.85,4.03,2.86,1.84,16.08,2.75,0.78,0.12,0.50,0.12
23,0.00,2,2,341,5.00,12.00,2.40,16.00,3.20,16.00,9.00,12.60,5.25,28.80,18.20,6.00,85.00,3.00,6.00,3.00,13.00,2,78.67,779.17,441.61,21.30,21.30,104.61,44.31,15.73,27.60,64.93,5.41,2.37,2.37,8.72,3.69,1.00,0.46,0.50,0.15
23,0.00,1,1,347,4.00,4.00,1.00,10.00,2.50,3.75,6.00,2.75,2.75,21.50,4.00,2.00,14.00,1.00,5.00,1.00,9.00,3,42.55,232.90,442.25,38.78,9.79,61.02,21.27,10.64,44.23,58.23,2.71,6.46,1.63,15.25,5.32,1.00,0.56,0.50,0.64
23,0.00,4,4,408,3.00,10.00,3.33,10.00,3.33,21.67,7.00,21.67,6.50,44.33,30.00,8.00,82.00,1.00,6.00,1.00,9.00,1,34.80,305.19,180.44,15.24,15.24,84.53,21.12,11.60,18.04,30.52,2.29,2.18,2.18,8.45,2.11,1.00,0.67,0.12,0.11
46,0.00,2,0,367,1.00,2.00,2.00,6.00,6.00,12.00,4.00,12.00,6.00,42.00,13.00,0.00,0.00,3.00,1.00,4.00,2.00,0,9.10,66.20,49.86,15.07,7.87,40.73,5.65,9.10,8.31,33.10,1.58,3.77,1.97,20.36,2.83,0.75,0.50,0.00,0.00
46,0.00,4,1,347,7.00,7.00,1.00,7.00,1.00,2.29,6.00,2.14,2.14,11.43,4.14,7.00,22.00,2.00,4.00,2.00,5.00,4,39.62,87.32,27.75,8.06,8.06,24.86,19.34,5.66,3.96,12.47,1.09,1.34,1.34,3.55,2.76,1.00,0.80,0.29,0.23
46,0.00,1,2,341,5.00,5.00,1.00,13.00,2.60,11.60,9.00,10.40,10.40,16.40,14.40,17.00,55.00,7.00,2.00,7.00,6.00,4,30.13,207.93,62.98,12.21,7.04,27.35,20.55,6.03,4.84,41.59,2.54,1.36,0.78,5.47,4.11,1.00,0.33,0.41,0.11
46,0.00,3,4,408,1.00,1.00,1.00,8.00,8.00,22.00,8.00,22.00,22.00,44.00,22.00,6.00,16.00,4.00,4.00,4.00,4.00,0,6.09,33.34,14.43,5.14,5.14,11.68,4.86,6.09,1.80,33.34,0.76,0.64,0.64,11.68,4.86,1.00,1.00,0.67,0.25
46,0.00,2,3,435,4.00,6.00,1.50,8.00,2.00,2.75,6.00,2.75,1.83,26.00,12.25,7.00,42.00,3.00,3.00,3.00,5.00,1,21.55,100.52,30.59,7.49,7.49,20.66,20.66,5.39,3.82,16.75,0.97,1.25,1.25,3.44,3.44,1.00,0.60,0.43,0.12
47,0.00,2,0,367,9.00,16.00,1.78,9.00,1.00,2.00,8.00,1.22,0.69,14.33,14.44,19.00,108.00,5.00,3.00,5.00,4.00,2,98.70,215.17,48.27,19.04,12.03,60.98,26.71,10.97,5.36,13.45,1.67,2.38,1.50,3.81,1.67,1.00,0.75,0.26,0.04
47,0.00,1,1,347,4.00,5.00,1.25,9.00,2.25,14.25,9.00,14.25,11.40,14.50,14.25,3.00,54.00,1.00,8.00,1.00,8.00,3,45.07,98.96,67.84,12.26,12.26,17.97,17.97,11.27,7.54,19.79,1.71,1.36,1.36,3.59,3.59,1.00,1.00,0.33,0.15
47,0.00,2,2,341,3.00,10.00,3.33,10.00,3.33,26.67,10.00,26.67,8.00,35.67,30.00,1.00,89.00,0.00,10.00,0.00,10.00,1,64.87,213.67,50.79,17.41,8.61,45.00,23.58,21.62,5.08,21.37,2.00,1.74,0.86,4.50,2.36,0.00,1.00,0.00,0.11
47,0.00,3,3,435,10.00,10.00,1.00,10.00,1.00,4.90,9.00,4.90,4.90,6.80,9.40,15.00,79.00,3.00,6.00,3.00,7.00,5,114.22,143.94,175.08,80.50,11.86,33.75,24.28,11.42,17.51,14.39,2.12,8.94,1.32,3.38,2.43,1.00,0.86,0.20,0.09
47,0.00,4,4,408,2.00,18.00,9.00,7.00,3.50,76.00,7.00,76.00,8.44,74.00,88.00,11.00,165.00,0.00,7.00,0.00,7.00,2,28.34,251.95,33.97,5.57,5.57,59.29,29.77,14.17,4.85,14.00,1.70,0.80,0.80,3.29,1.65,0.00,1.00,0.00,0.04
44,0.00,2,0,367,3.00,3.00,1.00,4.00,1.33,4.00,4.00,4.00,4.00,8.33,4.33,2.00,2.00,3.00,1.00,3.00,1.00,1,61.06,63.83,39.98,22.43,8.50,23.98,13.23,20.35,10.00,21.28,2.55,5.61,2.12,7.99,4.41,1.00,1.00,1.50,0.50
44,0.00,1,3,435,1.00,5.00,5.00,9.00,9.00,50.00,8.00,50.00,10.00,69.00,50.00,19.00,31.00,3.00,5.00,3.00,6.00,0,9.66,144.24,68.37,18.28,18.28,61.05,11.46,9.66,7.60,28.85,2.09,2.29,2.29,12.21,2.29,1.00,0.83,0.16,0.19
44,0.00,2,2,341,29.00,40.00,1.38,8.00,0.28,1.28,6.00,1.10,0.80,7.07,7.00,33.00,170.00,4.00,2.00,4.00,4.00,14,371.37,581.77,91.25,23.46,15.93,210.74,88.31,12.81,11.41,14.54,2.84,3.91,2.65,5.27,2.21,1.00,0.50,0.12,0.02
44,0.00,4,1,347,8.00,12.00,1.50,7.00,0.88,3.00,7.00,3.00,2.00,9.25,8.25,18.00,48.00,4.00,3.00,4.00,3.00,4,125.14,233.70,57.67,28.22,14.45,69.28,22.46,15.64,8.24,19.48,3.16,4.03,2.06,5.77,1.87,1.00,1.00,0.22,0.06
44,0.00,3,4,408,2.00,6.00,3.00,9.00,4.50,22.50,7.00,22.50,7.50,50.50,23.50,7.00,40.00,0.00,7.00,0.00,9.00,1,28.15,200.64,75.74,29.08,16.13,45.74,26.87,14.07,8.42,33.44,1.99,4.15,2.30,7.62,4.48,0.00,0.78,0.00,0.23
45,0.00,2,0,367,10.00,11.00,1.10,5.00,0.50,1.20,5.00,1.20,1.09,19.50,5.70,14.00,26.00,2.00,3.00,2.00,3.00,3,84.81,217.29,44.53,6.49,6.49,27.02,8.85,8.48,8.91,19.75,1.11,1.30,1.30,2.46,0.80,1.00,1.00,0.14,0.12
45,0.00,2,3,435,3.00,6.00,2.00,7.00,2.33,5.33,7.00,5.33,2.67,51.67,13.67,12.00,29.00,4.00,3.00,4.00,3.00,0,52.01,161.95,35.35,6.59,6.59,13.15,13.15,17.34,5.05,26.99,1.04,0.94,0.94,2.19,2.19,1.00,1.00,0.33,0.10
45,0.00,1,2,341,3.00,4.00,1.33,4.00,1.33,3.67,4.00,3.67,2.75,36.33,21.67,13.00,52.00,2.00,2.00,2.00,2.00,1,45.01,142.27,68.01,5.89,5.89,7.58,7.58,15.00,17.00,35.57,1.31,1.47,1.47,1.89,1.89,1.00,1.00,0.15,0.04
45,0.00,4,1,347,1.00,3.00,3.00,9.00,9.00,23.00,9.00,23.00,7.67,127.00,30.00,5.00,25.00,3.00,6.00,3.00,6.00,0,10.04,147.00,74.42,13.10,13.10,18.27,11.10,10.04,8.27,49.00,1.16,1.46,1.46,6.09,3.70,1.00,1.00,0.60,0.24
45,0.00,3,4,408,4.00,7.00,1.75,10.00,2.50,11.50,10.00,11.50,6.57,43.00,16.25,13.00,52.00,2.00,8.00,2.00,8.00,1,58.21,153.87,52.96,9.32,9.32,30.88,8.28,14.55,5.30,21.98,0.89,0.93,0.93,4.41,1.18,1.00,1.00,0.15,0.15
42,0.00,2,0,367,5.00,9.00,1.80,6.00,1.20,7.00,4.00,7.00,3.89,46.20,16.80,21.00,34.00,4.00,0.00,6.00,0.00,0,20.99,194.16,96.23,7.46,7.46,12.61,12.61,4.20,16.04,21.57,0.84,1.87,1.87,1.40,1.40,0.67,0.00,0.29,0.00
42,0.00,3,3,435,3.00,11.00,3.67,17.00,5.67,35.33,5.00,24.00,6.55,95.33,41.67,52.00,73.00,4.00,1.00,8.00,9.00,0,15.93,306.11,299.07,22.26,6.03,54.21,38.25,5.31,17.59,27.83,1.07,4.45,1.21,4.93,3.48,0.50,0.11,0.15,0.12
42,0.00,1,2,341,9.00,14.00,1.56,17.00,1.89,7.89,7.00,3.67,2.36,53.56,13.89,26.00,99.00,6.00,1.00,10.00,7.00,1,76.54,417.02,451.92,10.87,10.87,48.81,48.81,8.50,26.58,29.79,0.87,1.55,1.55,3.49,3.49,0.60,0.14,0.38,0.07
42,0.00,4,1,347,1.00,5.00,5.00,14.00,14.00,47.00,5.00,47.00,9.40,205.00,50.00,8.00,42.00,3.00,2.00,5.00,9.00,0,5.19,230.48,236.18,13.36,6.59,25.10,17.95,5.19,16.87,46.10,1.12,2.67,1.32,5.02,3.59,0.60,0.22,0.62,0.21
42,0.00,2,4,408,1.00,5.00,5.00,11.00,11.00,48.00,6.00,48.00,9.60,147.00,50.00,22.00,28.00,5.00,1.00,6.00,5.00,0,6.50,134.58,206.67,24.16,10.00,19.09,13.62,6.50,18.79,26.92,0.92,4.03,1.67,3.82,2.72,0.83,0.20,0.27,0.18
43,0.00,2,1,347,8.00,11.00,1.38,9.00,1.12,5.50,4.00,4.62,3.36,12.12,10.12,25.00,56.00,4.00,0.00,5.00,4.00,1,62.16,246.29,143.79,6.27,6.27,51.07,28.42,7.77,15.98,22.39,2.54,1.57,1.57,4.64,2.58,0.80,0.00,0.20,0.07
43,0.00,1,3,435,9.00,15.00,1.67,12.00,1.33,6.22,4.00,3.33,2.00,12.56,20.22,26.00,156.00,3.00,1.00,5.00,7.00,1,61.71,211.48,216.11,5.66,5.66,53.81,34.47,6.86,18.01,14.10,1.87,1.42,1.42,3.59,2.30,0.60,0.14,0.19,0.04
43,0.00,4,2,341,11.00,20.00,1.82,12.00,1.09,4.09,4.00,1.36,0.75,14.27,12.45,7.00,130.00,0.00,4.00,0.00,12.00,4,74.25,325.40,208.93,4.29,4.29,88.62,34.08,6.75,17.41,16.27,2.07,1.07,1.07,4.43,1.70,0.00,0.33,0.00,0.09
43,0.00,2,0,367,5.00,5.00,1.00,5.00,1.00,2.20,4.00,2.00,2.00,15.00,6.80,18.00,6.00,4.00,0.00,4.00,1.00,2,35.94,164.19,104.15,9.35,4.15,55.02,7.10,7.19,20.83,32.84,2.19,2.34,1.04,11.00,1.42,1.00,0.00,0.22,0.17
43,0.00,3,4,408,6.00,8.00,1.33,6.00,1.00,4.33,4.00,3.83,2.88,9.33,10.17,10.00,51.00,2.00,2.00,2.00,4.00,1,46.38,128.90,149.96,8.75,8.75,55.18,19.14,7.73,24.99,16.11,2.30,2.19,2.19,6.90,2.39,1.00,0.50,0.20,0.08
40,0.00,2,0,367,5.00,5.00,1.00,1.00,0.20,0.20,1.00,0.20,0.20,0.80,1.60,3.00,4.00,1.00,0.00,1.00,0.00,3,39.31,14.90,11.69,9.25,0.00,10.85,5.48,7.86,11.69,2.98,3.72,9.25,0.00,2.17,1.10,1.00,0.00,0.33,0.00
40,0.00,2,1,347,8.00,13.00,1.62,6.00,0.75,5.00,4.00,3.00,1.85,12.50,9.75,3.00,75.00,0.00,4.00,0.00,6.00,6,145.98,186.17,36.05,13.62,13.62,48.57,22.83,18.25,6.01,14.32,1.86,3.40,3.40,3.74,1.76,0.00,0.67,0.00,0.08
40,0.00,3,2,341,12.00,13.00,1.08,5.00,0.42,2.17,4.00,0.75,0.69,7.83,7.42,8.00,81.00,1.00,3.00,1.00,4.00,4,76.08,268.17,58.41,14.37,9.35,93.83,24.12,6.34,11.68,20.63,2.85,3.59,2.34,7.22,1.86,1.00,0.75,0.12,0.05
40,0.00,1,3,435,8.00,9.00,1.12,6.00,0.75,1.38,6.00,1.38,1.22,5.88,5.25,6.00,36.00,5.00,1.00,5.00,1.00,4,112.78,106.39,34.08,23.81,13.44,34.98,21.18,14.10,5.68,11.82,2.26,3.97,2.24,3.89,2.35,1.00,1.00,0.83,0.03
40,0.00,4,4,408,13.00,14.00,1.08,5.00,0.38,1.69,5.00,1.69,1.57,3.69,2.54,3.00,30.00,0.00,5.00,0.00,5.00,7,81.63,91.72,25.56,14.09,14.09,45.92,24.13,6.28,5.11,6.55,1.91,2.82,2.82,3.28,1.72,0.00,1.00,0.00,0.17
41,0.00,2,0,367,6.00,11.00,1.83,6.00,1.00,9.67,4.00,5.50,3.00,32.00,15.50,37.00,36.00,3.00,1.00,4.00,2.00,2,37.86,162.66,136.44,5.86,5.86,29.35,17.90,6.31,22.74,14.79,0.85,1.47,1.47,2.67,1.63,0.75,0.50,0.11,0.06
41,0.00,4,1,347,10.00,29.00,2.90,13.00,1.30,17.60,5.00,10.10,3.48,35.60,26.50,51.00,214.00,4.00,1.00,6.00,7.00,3,59.30,371.15,208.89,11.53,11.53,67.81,57.15,5.93,16.07,12.80,1.04,2.31,2.31,2.34,1.97,0.67,0.14,0.12,0.03
41,0.00,1,2,341,31.00,59.00,1.90,22.00,0.71,7.65,4.00,1.97,1.03,27.26,19.94,76.00,542.00,1.00,3.00,7.00,15.00,9,235.33,892.87,384.62,28.81,2.10,145.61,132.95,7.59,17.48,15.13,1.06,7.20,0.53,2.47,2.25,0.14,0.20,0.09,0.03
41,0.00,3,3,435,1.00,5.00,5.00,5.00,5.00,47.00,4.00,47.00,9.40,94.00,48.00,18.00,30.00,3.00,1.00,4.00,1.00,0,7.52,131.58,95.71,18.93,5.58,25.18,8.80,7.52,19.14,26.32,1.40,4.73,1.40,5.04,1.76,0.75,1.00,0.22,0.03
41,0.00,2,4,408,23.00,42.00,1.83,17.00,0.74,7.65,4.00,0.87,0.48,19.39,14.04,43.00,280.00,0.00,4.00,0.00,17.00,12,77.77,476.20,351.58,45.57,7.95,104.17,84.33,3.38,20.68,11.34,1.07,11.39,1.99,2.48,2.01,0.00,0.24,0.00,0.06
1,0.00,2,0,367,5.00,5.00,1.00,5.00,1.00,4.20,4.00,4.00,4.00,18.60,9.60,19.00,19.00,3.00,1.00,4.00,1.00,1,17.99,86.52,22.21,6.11,6.11,15.51,10.15,3.60,4.44,17.30,0.93,1.53,1.53,3.10,2.03,0.75,1.00,0.21,0.05
1,0.00,4,1,347,5.00,5.00,1.00,10.00,2.00,4.20,7.00,4.20,4.20,26.40,8.00,10.00,30.00,4.00,3.00,4.00,6.00,1,28.51,84.69,37.56,10.93,10.93,14.05,14.05,5.70,3.76,16.94,0.64,1.56,1.56,2.81,2.81,1.00,0.50,0.40,0.20
1,0.00,1,2,341,11.00,14.00,1.27,15.00,1.36,7.00,6.00,5.18,4.07,17.73,17.73,48.00,147.00,3.00,3.00,7.00,8.00,3,41.67,169.22,106.45,7.57,7.57,30.54,30.54,3.79,7.10,12.09,0.87,1.26,1.26,2.18,2.18,0.43,0.38,0.15,0.05
1,0.00,2,3,435,5.00,9.00,1.80,8.00,1.60,7.80,6.00,7.80,4.33,28.60,16.20,17.00,64.00,4.00,2.00,6.00,2.00,1,21.55,115.24,79.83,9.27,9.27,35.24,13.42,4.31,9.98,12.80,0.81,1.54,1.54,3.92,1.49,0.67,1.00,0.35,0.03
1,0.00,3,4,408,4.00,8.00,2.00,12.00,3.00,11.75,9.00,11.75,5.88,37.75,20.25,12.00,69.00,1.00,8.00,1.00,11.00,1,23.26,94.43,39.08,8.63,8.63,13.79,13.79,5.82,3.26,11.80,0.63,0.96,0.96,1.72,1.72,1.00,0.73,0.08,0.16
0,0.00,2,0,367,1.00,2.00,2.00,7.00,7.00,13.00,4.00,9.00,4.50,84.00,16.00,0.00,0.00,3.00,1.00,3.00,4.00,0,21.86,147.02,330.02,7.23,7.23,54.60,12.28,21.86,47.15,73.51,1.75,1.81,1.81,27.30,6.14,1.00,0.25,0.00,0.00
0,0.00,1,1,347,12.00,13.00,1.08,13.00,1.08,4.83,9.00,4.83,4.46,21.00,7.00,10.00,74.00,3.00,6.00,3.00,10.00,1,101.03,278.75,587.61,24.59,24.59,70.09,39.84,8.42,45.20,21.44,1.11,2.73,2.73,5.39,3.06,1.00,0.60,0.30,0.14
0,0.00,4,2,341,1.00,5.00,5.00,8.00,8.00,50.00,8.00,50.00,10.00,131.00,50.00,8.00,42.00,3.00,5.00,3.00,5.00,0,17.96,175.07,266.21,45.96,16.78,35.18,25.60,17.96,33.28,35.01,1.34,5.75,2.10,7.04,5.12,1.00,1.00,0.38,0.12
0,0.00,3,3,435,2.00,11.00,5.50,11.00,5.50,41.00,9.00,41.00,7.45,110.00,54.00,35.00,73.00,2.00,7.00,3.00,8.00,1,19.62,332.04,274.82,26.14,14.17,89.30,32.50,9.81,24.98,30.19,1.51,2.90,1.57,8.12,2.95,0.67,0.88,0.09,0.11
0,0.00,2,4,408,3.00,8.00,2.67,13.00,4.33,15.33,10.00,13.67,5.12,68.67,22.33,7.00,60.00,0.00,10.00,0.00,13.00,0,35.38,230.08,226.36,26.85,16.21,91.29,33.98,11.79,17.41,28.76,1.12,2.69,1.62,11.41,4.25,0.00,0.77,0.00,0.22
3,0.00,2,0,367,3.00,6.00,2.00,11.00,3.67,13.33,6.00,13.33,6.67,44.33,16.67,6.00,21.00,3.00,3.00,5.00,6.00,1,19.32,297.88,169.14,34.75,19.70,80.13,39.99,6.44,15.38,49.65,2.24,5.79,3.28,13.35,6.67,0.60,0.50,0.83,0.29
3,0.00,3,1,347,2.00,3.00,1.50,12.00,6.00,15.00,7.00,13.50,9.00,41.00,18.50,17.00,20.00,5.00,2.00,7.00,5.00,0,15.12,155.04,299.84,73.08,13.46,45.08,23.28,7.56,24.99,51.68,1.89,10.44,1.92,15.03,7.76,0.71,0.40,0.41,0.25
3,0.00,4,2,341,6.00,9.00,1.50,14.00,2.33,5.83,5.00,4.67,3.11,23.17,9.33,9.00,47.00,2.00,3.00,5.00,9.00,4,55.57,239.27,625.69,309.58,7.22,65.01,41.88,9.26,44.69,26.59,1.72,61.92,1.44,7.22,4.65,0.40,0.33,0.56,0.19
3,0.00,2,3,435,4.00,5.00,1.25,8.00,2.00,3.50,5.00,3.25,2.60,20.00,10.00,6.00,34.00,4.00,1.00,4.00,4.00,1,38.48,134.34,111.44,36.34,5.05,45.34,19.68,9.62,13.93,26.87,1.68,7.27,1.01,9.07,3.94,1.00,0.25,0.67,0.12
3,0.00,1,4,408,10.00,10.00,1.00,6.00,0.60,2.00,5.00,2.00,2.00,8.30,10.30,20.00,83.00,3.00,2.00,3.00,3.00,0,47.25,167.96,506.24,20.86,8.09,46.38,31.30,4.73,84.37,16.80,2.02,4.17,1.62,4.64,3.13,1.00,0.67,0.15,0.04
2,0.00,1,1,347,1.00,2.00,2.00,7.00,7.00,24.00,7.00,24.00,12.00,56.00,24.00,12.00,12.00,4.00,3.00,4.00,3.00,0,9.70,73.98,67.02,20.69,13.32,20.42,3.88,9.70,9.57,36.99,1.32,2.96,1.90,10.21,1.94,1.00,1.00,0.33,0.25
2,0.00,2,3,435,8.00,11.00,1.38,9.00,1.12,3.75,7.00,2.50,1.82,13.12,7.50,16.00,44.00,5.00,2.00,6.00,3.00,2,76.01,191.74,54.83,18.12,9.96,42.26,16.01,9.50,6.09,17.43,1.83,2.59,1.42,3.84,1.46,0.83,0.67,0.38,0.07
2,0.00,4,2,341,1.00,2.00,2.00,6.00,6.00,11.00,6.00,11.00,5.50,39.00,15.00,3.00,12.00,2.00,4.00,2.00,4.00,0,14.10,52.66,54.27,11.68,11.68,3.61,3.61,14.10,9.04,26.33,1.35,1.95,1.95,1.80,1.80,1.00,1.00,0.67,0.33
2,0.00,3,4,408,2.00,3.00,1.50,8.00,4.00,11.00,7.00,11.00,7.33,25.00,20.50,11.00,30.00,4.00,3.00,5.00,3.00,0,26.67,105.34,99.21,17.07,9.86,13.12,6.79,13.34,12.40,35.11,2.11,2.44,1.41,4.37,2.26,0.80,1.00,0.45,0.10
2,0.00,2,0,367,2.00,2.00,1.00,4.00,2.00,5.00,4.00,5.00,5.00,21.00,5.50,0.00,1.00,2.00,2.00,2.00,2.00,0,27.65,71.41,43.12,24.77,8.08,19.43,5.87,13.82,10.78,35.70,1.70,6.19,2.02,9.71,2.93,1.00,1.00,0.00,2.00
5,0.00,2,0,367,1.00,4.00,4.00,9.00,9.00,30.00,9.00,30.00,7.50,49.00,34.00,0.00,0.00,7.00,2.00,7.00,2.00,0,2.65,148.99,161.48,25.33,13.10,33.30,33.30,2.65,17.94,37.25,3.04,2.81,1.46,8.32,8.32,1.00,1.00,0.00,0.00
5,0.00,3,1,347,3.00,7.00,2.33,12.00,4.00,13.67,9.00,13.67,5.86,21.67,17.00,16.00,35.00,5.00,4.00,7.00,5.00,1,44.70,162.84,88.80,12.75,12.75,27.54,27.54,14.90,7.40,23.26,2.51,1.42,1.42,3.93,3.93,0.71,0.80,0.44,0.14
5,0.00,4,2,341,24.00,30.00,1.25,18.00,0.75,3.25,8.00,1.29,1.03,7.42,6.83,22.00,142.00,4.00,4.00,6.00,12.00,1,165.84,509.97,240.38,13.78,13.78,138.73,82.11,6.91,13.35,17.00,2.87,1.72,1.72,4.62,2.74,0.67,0.33,0.27,0.08
5,0.00,1,3,435,3.00,12.00,4.00,16.00,5.33,31.33,9.00,30.67,7.67,49.67,35.67,16.00,91.00,2.00,7.00,4.00,12.00,0,16.67,341.80,207.50,14.25,14.25,56.04,56.04,5.56,12.97,28.48,2.29,1.58,1.58,4.67,4.67,0.50,0.58,0.25,0.13
5,0.00,2,4,408,11.00,19.00,1.73,14.00,1.27,7.64,10.00,7.45,4.32,14.82,11.45,23.00,103.00,2.00,8.00,3.00,11.00,3,51.90,355.93,142.12,31.96,9.79,88.40,54.62,4.72,10.15,18.73,2.18,3.20,0.98,4.65,2.87,0.67,0.73,0.13,0.11
4,0.00,2,0,367,3.00,4.00,1.33,4.00,1.33,2.00,4.00,2.00,1.50,21.67,8.00,3.00,11.00,3.00,1.00,3.00,1.00,1,15.83,66.62,26.40,6.98,6.98,14.48,14.48,5.28,6.60,16.66,1.02,1.75,1.75,3.62,3.62,1.00,1.00,1.00,0.09
4,0.00,3,1,347,4.00,8.00,2.00,17.00,4.25,18.00,5.00,15.50,7.75,58.00,25.75,11.00,92.00,2.00,3.00,4.00,13.00,2,28.87,237.90,182.72,20.31,9.55,36.99,36.99,7.22,10.75,29.74,1.03,4.06,1.91,4.62,4.62,0.50,0.23,0.36,0.14
4,0.00,2,2,341,10.00,13.00,1.30,28.00,2.80,3.20,6.00,2.00,1.54,13.10,5.20,6.00,46.00,1.00,5.00,6.00,22.00,7,119.10,154.03,424.36,16.36,16.36,46.59,37.45,11.91,15.16,11.85,1.18,2.73,2.73,3.58,2.88,0.17,0.23,1.00,0.48
4,0.00,4,3,435,7.00,23.00,3.29,10.00,1.43,8.14,6.00,8.14,2.48,36.86,29.71,26.00,182.00,3.00,3.00,6.00,4.00,1,39.08,285.79,141.59,9.02,9.02,37.47,37.47,5.58,14.16,12.43,1.11,1.50,1.50,1.63,1.63,0.50,0.75,0.23,0.02
4,0.00,1,4,408,5.00,12.00,2.40,18.00,3.60,20.20,7.00,17.60,7.33,42.00,25.60,25.00,103.00,3.00,4.00,3.00,15.00,1,30.85,180.12,212.56,13.12,13.12,39.15,33.80,6.17,11.81,15.01,0.86,1.87,1.87,3.26,2.82,1.00,0.27,0.12,0.15
7,0.00,2,0,367,1.00,2.00,2.00,4.00,4.00,11.00,4.00,11.00,5.50,64.00,20.00,0.00,0.00,0.00,4.00,0.00,4.00,0,9.59,108.55,17.30,9.50,2.79,3.96,3.96,9.59,4.33,54.27,1.70,2.38,0.70,1.98,1.98,0.00,1.00,0.00,0.00
7,0.00,3,3,435,2.00,3.00,1.50,5.00,2.50,12.00,4.00,12.00,8.00,23.00,13.50,14.00,13.00,3.00,1.00,3.00,2.00,0,17.94,52.27,45.06,2.95,2.95,10.43,10.43,8.97,9.01,17.42,1.14,0.74,0.74,3.48,3.48,1.00,0.50,0.21,0.15
7,0.00,1,2,341,8.00,15.00,1.88,13.00,1.62,10.38,4.00,3.12,1.67,46.38,18.25,22.00,124.00,1.00,3.00,2.00,11.00,1,52.33,544.99,232.36,3.21,3.21,109.24,26.95,6.54,17.87,36.33,1.47,0.80,0.80,7.28,1.80,0.50,0.27,0.09,0.09
7,0.00,4,1,347,1.00,3.00,3.00,8.00,8.00,26.00,5.00,26.00,8.67,102.00,30.00,3.00,27.00,0.00,5.00,0.00,8.00,0,11.55,74.77,46.18,13.81,8.12,11.73,11.73,11.55,5.77,24.92,0.73,2.76,1.62,3.91,3.91,0.00,0.62,0.00,0.30
7,0.00,2,4,408,1.00,4.00,4.00,6.00,6.00,31.00,4.00,31.00,7.75,84.00,33.00,7.00,26.00,0.00,4.00,0.00,6.00,0,6.32,58.11,41.03,8.06,8.06,14.05,14.05,6.32,6.84,14.53,0.69,2.02,2.02,3.51,3.51,0.00,0.67,0.00,0.23
6,0.00,2,0,367,10.00,13.00,1.30,4.00,0.40,0.80,3.00,0.70,0.54,11.00,10.60,24.00,72.00,2.00,1.00,2.00,2.00,0,97.22,191.76,66.13,31.62,4.97,45.04,29.98,9.72,16.53,14.75,1.74,10.54,1.66,3.46,2.31,1.00,0.50,0.08,0.03
6,0.00,2,3,435,3.00,10.00,3.33,11.00,3.67,14.67,6.00,10.00,3.00,37.00,28.67,20.00,66.00,3.00,3.00,4.00,7.00,0,56.28,237.23,195.56,15.37,7.30,35.85,19.44,18.76,17.78,23.72,2.14,2.56,1.22,3.58,1.94,0.75,0.43,0.20,0.11
6,0.00,1,2,341,5.00,6.00,1.20,7.00,1.40,3.80,6.00,3.80,3.17,12.60,9.80,15.00,34.00,5.00,1.00,6.00,1.00,1,43.43,174.28,124.61,40.05,7.51,40.57,9.29,8.69,17.80,29.05,2.77,6.68,1.25,6.76,1.55,0.83,1.00,0.40,0.03
6,0.00,3,1,347,7.00,10.00,1.43,10.00,1.43,5.71,4.00,4.57,3.20,10.86,7.57,7.00,46.00,2.00,2.00,2.00,8.00,5,95.89,192.02,133.47,8.28,8.28,57.70,29.44,13.70,13.35,19.20,2.53,2.07,2.07,5.77,2.94,1.00,0.25,0.29,0.17
6,0.00,4,4,408,1.00,4.00,4.00,8.00,8.00,34.00,5.00,34.00,8.50,82.00,36.00,5.00,31.00,0.00,5.00,1.00,7.00,0,12.79,406.84,111.79,13.01,13.01,11.77,11.77,12.79,13.97,101.71,4.96,2.60,2.60,2.94,2.94,0.00,0.71,0.20,0.23
9,0.00,3,1,347,2.00,14.00,7.00,9.00,4.50,56.50,5.00,40.00,5.71,94.50,63.50,13.00,114.00,1.00,4.00,1.00,8.00,1,33.62,195.04,113.30,13.25,6.82,32.69,32.69,16.81,12.59,13.93,1.03,2.65,1.36,2.33,2.33,1.00,0.50,0.08,0.07
9,0.00,4,3,435,5.00,16.00,3.20,9.00,1.80,12.20,5.00,6.00,1.88,42.00,27.60,23.00,115.00,2.00,3.00,3.00,6.00,0,24.63,192.38,93.04,7.96,7.96,26.26,26.26,4.93,10.34,12.02,0.92,1.59,1.59,1.64,1.64,0.67,0.50,0.13,0.05
9,0.00,2,2,341,5.00,8.00,1.60,7.00,1.40,8.60,5.00,8.40,5.25,16.40,9.60,11.00,37.00,2.00,3.00,3.00,4.00,3,25.77,80.70,138.59,23.11,7.84,14.13,14.13,5.15,19.80,10.09,0.98,4.62,1.57,1.77,1.77,0.67,0.75,0.27,0.11
9,0.00,1,4,408,4.00,11.00,2.75,11.00,2.75,18.00,5.00,9.00,3.27,34.25,24.00,26.00,70.00,1.00,4.00,2.00,9.00,1,19.39,130.67,108.27,7.07,7.07,27.85,16.47,4.85,9.84,11.88,0.95,1.41,1.41,2.53,1.50,0.50,0.44,0.08,0.13
8,0.00,2,0,367,1.00,3.00,3.00,4.00,4.00,24.00,3.00,24.00,8.00,30.00,24.00,0.00,0.00,3.00,0.00,4.00,0.00,0,7.95,156.31,113.54,12.07,12.07,40.04,7.17,7.95,28.39,52.10,5.21,4.02,4.02,13.35,2.39,0.75,0.00,0.00,0.00
8,0.00,3,1,347,2.00,4.00,2.00,7.00,3.50,16.50,5.00,15.50,7.75,33.50,19.00,9.00,29.00,1.00,4.00,1.00,6.00,1,21.45,186.52,130.32,17.17,10.76,44.31,16.64,10.72,18.62,46.63,2.78,3.43,2.15,11.08,4.16,1.00,0.67,0.11,0.21
8,0.00,4,2,341,3.00,4.00,1.33,5.00,1.67,4.33,5.00,4.33,3.25,10.33,10.67,2.00,30.00,2.00,3.00,2.00,3.00,1,21.05,89.43,28.87,11.28,11.28,32.69,16.32,7.02,5.77,22.36,2.88,2.26,2.26,8.17,4.08,1.00,1.00,1.00,0.10
8,0.00,1,4,408,5.00,8.00,1.60,7.00,1.40,12.00,5.00,12.00,7.50,14.20,18.60,18.00,75.00,3.00,2.00,3.00,4.00,1,29.67,203.17,73.29,14.54,14.54,39.44,28.45,5.93,10.47,25.40,2.86,2.91,2.91,4.93,3.56,1.00,0.50,0.17,0.05
8,0.00,2,3,435,2.00,4.00,2.00,5.00,2.50,10.50,4.00,10.50,5.25,25.50,17.50,7.00,28.00,2.00,2.00,2.00,3.00,0,119.81,211.89,102.89,32.90,1.63,52.81,10.13,59.90,20.58,52.97,4.15,8.22,0.41,13.20,2.53,1.00,0.67,0.29,0.11
39,0.00,2,0,367,2.00,10.00,5.00,11.00,5.50,16.00,8.00,16.00,3.20,102.50,48.50,1.00,8.00,8.00,0.00,11.00,0.00,2,18.58,248.50,111.78,25.90,15.26,77.51,42.38,9.29,10.16,24.85,1.21,3.24,1.91,7.75,4.24,0.73,0.00,11.00,0.00
39,0.00,1,1,347,7.00,8.00,1.14,11.00,1.57,4.14,6.00,4.00,3.50,11.00,5.00,13.00,22.00,6.00,0.00,8.00,3.00,5,89.40,127.52,155.46,19.54,19.54,48.70,25.38,12.77,14.13,15.94,1.66,3.26,3.26,6.09,3.17,0.75,0.00,0.62,0.14
39,0.00,3,2,341,9.00,9.00,1.00,4.00,0.44,1.00,4.00,1.00,1.00,4.56,2.89,0.00,26.00,0.00,4.00,0.00,4.00,6,189.17,68.47,20.54,10.88,5.65,36.43,8.81,21.02,5.13,7.61,1.67,2.72,1.41,4.05,0.98,0.00,1.00,0.00,0.15
39,0.00,2,3,435,3.00,3.00,1.00,4.00,1.33,1.67,6.00,1.67,1.67,13.67,5.67,1.00,16.00,0.00,6.00,0.00,4.00,1,50.57,97.42,22.64,6.55,6.55,22.44,11.58,16.86,5.66,32.47,2.38,1.09,1.09,7.48,3.86,0.00,1.50,0.00,0.25
39,0.00,4,4,408,1.00,2.00,2.00,6.00,6.00,15.00,8.00,15.00,7.50,43.00,18.00,2.00,16.00,0.00,8.00,0.00,6.00,0,5.69,40.55,22.62,10.18,10.18,17.64,12.05,5.69,3.77,20.27,0.94,1.27,1.27,8.82,6.03,0.00,1.33,0.00,0.38
12,0.00,2,0,367,4.00,6.00,1.50,7.00,1.75,6.50,4.00,6.00,4.00,15.25,8.25,1.00,7.00,4.00,0.00,7.00,0.00,2,23.25,130.95,76.58,8.80,8.80,36.38,8.66,5.81,10.94,21.82,2.15,2.20,2.20,6.06,1.44,0.57,0.00,7.00,0.00
12,0.00,3,1,347,2.00,6.00,3.00,5.00,2.50,15.50,5.00,15.50,5.17,58.00,34.50,17.00,52.00,4.00,1.00,4.00,1.00,0,18.92,155.12,81.44,4.93,4.93,7.51,7.51,9.46,16.29,25.85,1.34,0.99,0.99,1.25,1.25,1.00,1.00,0.24,0.02
12,0.00,4,2,341,2.00,7.00,3.50,5.00,2.50,18.50,5.00,18.50,5.29,58.00,34.50,10.00,59.00,1.00,4.00,1.00,4.00,0,18.87,164.46,45.96,4.94,4.94,25.23,10.72,9.43,9.19,23.49,1.42,0.99,0.99,3.60,1.53,1.00,1.00,0.10,0.07
12,0.00,1,3,435,3.00,6.00,2.00,8.00,2.67,15.67,5.00,15.67,7.83,36.00,15.67,6.00,41.00,1.00,4.00,1.00,7.00,2,30.22,167.61,91.88,8.39,8.39,26.36,15.61,10.07,11.48,27.94,1.55,1.68,1.68,4.39,2.60,1.00,0.57,0.17,0.17
12,0.00,2,4,408,1.00,5.00,5.00,8.00,8.00,44.00,5.00,44.00,8.80,118.00,45.00,10.00,35.00,1.00,4.00,1.00,7.00,0,6.50,125.68,134.32,4.49,4.49,13.62,13.62,6.50,16.79,25.14,1.07,0.90,0.90,2.72,2.72,1.00,0.57,0.10,0.20
29,0.00,2,0,367,3.00,3.00,1.00,5.00,1.67,4.67,4.00,4.00,4.00,10.00,8.67,4.00,13.00,3.00,1.00,3.00,2.00,1,16.82,86.38,62.70,17.40,7.82,9.76,9.76,5.61,12.54,28.79,2.88,4.35,1.96,3.25,3.25,1.00,0.50,0.75,0.15
29,0.00,3,1,347,6.00,7.00,1.17,9.00,1.50,4.83,4.00,2.83,2.43,18.17,19.50,48.00,69.00,3.00,1.00,6.00,3.00,0,31.80,124.64,128.50,10.68,4.74,17.28,17.28,5.30,14.28,17.81,1.14,2.67,1.19,2.47,2.47,0.50,0.33,0.12,0.04
29,0.00,2,2,341,3.00,4.00,1.33,5.00,1.67,8.33,5.00,8.33,6.25,12.67,9.33,4.00,24.00,2.00,3.00,2.00,3.00,0,15.15,59.44,34.20,9.44,9.44,9.22,9.22,5.05,6.84,14.86,1.56,1.89,1.89,2.31,2.31,1.00,1.00,0.50,0.12
29,0.00,1,3,435,2.00,2.00,1.00,5.00,2.50,11.50,4.00,11.50,11.50,16.50,17.00,10.00,24.00,2.00,2.00,2.00,3.00,0,12.12,44.42,55.06,9.47,4.40,3.80,3.80,6.06,11.01,22.21,1.35,2.37,1.10,1.90,1.90,1.00,0.67,0.20,0.12
29,0.00,4,4,408,1.00,2.00,2.00,6.00,6.00,19.00,7.00,19.00,9.50,49.00,20.00,15.00,5.00,6.00,1.00,5.00,1.00,0,11.80,38.08,58.90,8.17,8.17,4.40,4.40,11.80,9.82,19.04,0.78,1.17,1.17,2.20,2.20,1.20,1.00,0.33,0.20
11,0.00,2,0,367,4.00,4.00,1.00,5.00,1.25,2.00,4.00,1.75,1.75,18.50,7.00,0.00,23.00,1.00,3.00,1.00,4.00,0,40.40,117.51,24.82,9.19,9.19,23.20,18.16,10.10,4.96,29.38,1.59,2.30,2.30,5.80,4.54,1.00,0.75,0.00,0.17
11,0.00,4,1,347,6.00,6.00,1.00,4.00,0.67,1.67,4.00,1.67,1.67,4.33,2.33,0.00,14.00,0.00,4.00,0.00,4.00,4,85.52,66.73,14.30,6.22,6.22,37.24,13.02,14.25,3.58,11.12,2.57,1.55,1.55,6.21,2.17,0.00,1.00,0.00,0.29
11,0.00,3,2,341,3.00,3.00,1.00,5.00,1.67,3.33,5.00,3.33,3.33,11.67,6.33,5.00,14.00,1.00,4.00,1.00,4.00,1,37.03,69.24,26.43,8.71,8.71,18.78,13.65,12.34,5.29,23.08,1.98,1.74,1.74,6.26,4.55,1.00,1.00,0.20,0.29
11,0.00,2,3,435,2.00,2.00,1.00,5.00,2.50,4.50,5.00,4.50,4.50,11.50,7.00,3.00,11.00,3.00,2.00,3.00,2.00,0,10.51,30.78,21.68,12.98,12.98,9.30,9.30,5.25,4.34,15.39,1.34,2.60,2.60,4.65,4.65,1.00,1.00,1.00,0.18
11,0.00,1,4,408,2.00,2.00,1.00,5.00,2.50,12.00,5.00,12.00,12.00,11.50,12.00,11.00,13.00,5.00,0.00,5.00,0.00,1,11.31,28.96,19.78,10.73,10.73,15.49,6.53,5.66,3.96,14.48,1.26,2.15,2.15,7.75,3.27,1.00,0.00,0.45,0.00
10,0.00,2,0,367,3.00,4.00,1.33,4.00,1.33,6.00,3.00,6.00,4.50,15.33,8.00,7.00,3.00,3.00,0.00,4.00,0.00,0,12.65,76.83,145.11,17.12,4.22,22.59,10.50,4.22,36.28,19.21,1.67,5.71,1.41,5.65,2.62,0.75,0.00,0.57,0.00
10,0.00,3,3,435,1.00,4.00,4.00,5.00,5.00,32.00,4.00,32.00,8.00,66.00,36.00,4.00,32.00,1.00,3.00,1.00,4.00,0,10.82,159.57,156.38,13.23,7.76,23.31,11.36,10.82,31.28,39.89,2.42,3.31,1.94,5.83,2.84,1.00,0.75,0.25,0.12
10,0.00,2,2,341,9.00,12.00,1.33,13.00,1.44,5.89,5.00,2.67,2.00,14.89,9.44,11.00,74.00,2.00,3.00,3.00,10.00,3,41.21,212.41,332.46,30.39,13.27,70.45,34.31,4.58,25.57,17.70,1.59,6.08,2.65,5.87,2.86,0.67,0.30,0.27,0.14
10,0.00,4,1,347,3.00,5.00,1.67,5.00,1.67,7.33,5.00,7.33,4.40,28.67,14.00,2.00,40.00,1.00,4.00,1.00,4.00,0,23.21,189.30,125.46,25.44,6.92,31.10,16.58,7.74,25.09,37.86,2.20,5.09,1.38,6.22,3.32,1.00,1.00,0.50,0.10
10,0.00,1,4,408,3.00,3.00,1.00,5.00,1.67,6.67,5.00,6.67,6.67,17.00,6.67,14.00,6.00,3.00,2.00,3.00,2.00,1,22.85,86.25,229.58,21.14,8.06,31.17,14.53,7.62,45.92,28.75,1.69,4.23,1.61,10.39,4.84,1.00,1.00,0.21,0.33
13,0.00,2,0,367,3.00,4.00,1.33,5.00,1.67,4.67,4.00,3.67,2.75,13.67,9.00,6.00,20.00,3.00,1.00,3.00,2.00,0,18.00,47.88,59.30,12.15,6.84,16.36,8.55,6.00,11.86,11.97,1.17,3.04,1.71,4.09,2.14,1.00,0.50,0.50,0.10
13,0.00,1,3,435,5.00,10.00,2.00,9.00,1.80,8.40,4.00,2.80,1.40,33.00,21.60,52.00,56.00,4.00,0.00,6.00,3.00,2,22.11,147.17,134.35,7.58,7.58,37.11,37.11,4.42,14.93,14.72,0.89,1.90,1.90,3.71,3.71,0.67,0.00,0.12,0.05
13,0.00,3,2,341,4.00,9.00,2.25,12.00,3.00,13.25,6.00,11.50,5.11,32.50,22.00,9.00,79.00,2.00,4.00,4.00,8.00,0,18.61,125.71,223.20,12.67,12.67,26.39,26.39,4.65,18.60,13.97,0.97,2.11,2.11,2.93,2.93,0.50,0.50,0.44,0.10
13,0.00,4,1,347,4.00,4.00,1.00,8.00,2.00,8.50,6.00,6.75,6.75,21.75,8.75,10.00,25.00,4.00,2.00,4.00,4.00,1,23.55,97.74,128.41,11.65,11.65,33.11,20.67,5.89,16.05,24.43,1.12,1.94,1.94,8.28,5.17,1.00,0.50,0.40,0.16
13,0.00,2,4,408,2.00,3.00,1.50,6.00,3.00,10.00,5.00,10.00,6.67,19.50,11.00,8.00,14.00,3.00,2.00,4.00,2.00,1,10.57,41.14,83.91,11.39,11.39,10.33,10.33,5.29,13.98,13.71,1.05,2.28,2.28,3.44,3.44,0.75,1.00,0.50,0.14
38,0.00,4,4,408,1.00,2.00,2.00,4.00,4.00,14.00,4.00,14.00,7.00,37.00,14.00,9.00,5.00,4.00,0.00,4.00,0.00,0,11.66,24.98,26.22,10.15,10.15,2.02,2.02,11.66,6.55,12.49,0.68,2.54,2.54,1.01,1.01,1.00,0.00,0.44,0.00
38,0.00,2,2,341,4.00,5.00,1.25,5.00,1.25,3.75,4.00,3.75,3.00,34.25,11.50,7.00,39.00,1.00,3.00,1.00,4.00,0,27.70,70.03,47.90,6.23,6.23,7.45,7.45,6.93,9.58,14.01,0.51,1.56,1.56,1.49,1.49,1.00,0.75,0.14,0.10
38,0.00,1,1,347,9.00,9.00,1.00,11.00,1.22,6.22,4.00,2.00,2.00,14.33,11.00,20.00,79.00,1.00,3.00,2.00,9.00,3,87.05,136.12,134.69,11.03,11.03,28.77,20.59,9.67,12.24,15.12,1.06,2.76,2.76,3.20,2.29,0.50,0.33,0.10,0.11
38,0.00,2,0,367,1.00,4.00,4.00,5.00,5.00,8.00,4.00,8.00,2.00,125.00,31.00,0.00,0.00,4.00,0.00,4.00,1.00,0,20.91,74.60,49.51,9.42,9.42,7.51,7.51,20.91,9.90,18.65,0.60,2.35,2.35,1.88,1.88,1.00,0.00,0.00,0.00
38,0.00,3,3,435,3.00,4.00,1.33,5.00,1.67,10.33,4.00,9.33,7.00,21.67,20.67,25.00,37.00,1.00,3.00,1.00,4.00,1,21.31,51.90,55.96,13.52,5.44,16.91,11.50,7.10,11.19,12.97,0.80,3.38,1.36,4.23,2.88,1.00,0.75,0.04,0.11
15,0.00,2,0,367,10.00,11.00,1.10,7.00,0.70,2.20,5.00,2.00,1.82,4.10,3.00,17.00,7.00,3.00,2.00,5.00,2.00,7,57.68,136.55,97.38,12.66,12.66,89.39,21.50,5.77,13.91,12.41,3.33,2.53,2.53,8.13,1.95,0.60,1.00,0.29,0.29
15,0.00,3,1,347,8.00,9.00,1.12,14.00,1.75,3.00,5.00,2.12,1.89,5.12,5.88,8.00,39.00,2.00,3.00,6.00,8.00,7,66.32,130.98,334.36,14.51,6.72,81.13,33.09,8.29,23.88,14.55,3.19,2.90,1.34,9.01,3.68,0.33,0.38,0.75,0.21
15,0.00,4,2,341,22.00,23.00,1.05,13.00,0.59,1.68,7.00,0.59,0.57,5.09,3.00,14.00,52.00,3.00,4.00,3.00,10.00,13,180.08,424.23,1281.03,15.57,15.57,142.32,59.33,8.19,98.54,18.44,3.79,2.22,2.22,6.19,2.58,1.00,0.40,0.21,0.19
15,0.00,2,3,435,7.00,9.00,1.29,12.00,1.71,4.86,7.00,2.86,2.22,10.43,7.00,10.00,39.00,3.00,4.00,3.00,9.00,4,44.63,122.10,277.09,19.82,11.80,44.24,38.73,6.38,23.09,13.57,1.67,2.83,1.69,4.92,4.30,1.00,0.44,0.30,0.23
15,0.00,1,4,408,15.00,17.00,1.13,13.00,0.87,4.60,8.00,3.67,3.24,7.20,8.80,19.00,113.00,3.00,5.00,4.00,9.00,11,84.77,154.88,448.98,26.35,13.83,80.39,50.22,5.65,34.54,9.11,1.43,3.29,1.73,4.73,2.95,0.75,0.56,0.21,0.08
14,0.00,2,0,367,6.00,6.00,1.00,6.00,1.00,3.50,6.00,3.50,3.50,6.17,4.50,13.00,12.00,4.00,2.00,4.00,2.00,3,25.16,92.48,86.28,26.05,8.16,51.87,16.52,4.19,14.38,15.41,2.50,4.34,1.36,8.65,2.75,1.00,1.00,0.31,0.17
14,0.00,2,1,347,3.00,5.00,1.67,9.00,3.00,7.00,8.00,7.00,4.20,20.67,9.67,8.00,21.00,4.00,4.00,4.00,5.00,0,8.94,115.44,106.12,23.75,14.70,44.55,26.61,2.98,11.79,23.09,1.86,2.97,1.84,8.91,5.32,1.00,0.80,0.50,0.24
14,0.00,1,2,341,3.00,3.00,1.00,6.00,2.00,9.00,5.00,9.00,9.00,20.00,18.67,13.00,43.00,3.00,2.00,4.00,2.00,0,22.08,83.99,109.02,27.14,5.70,29.92,22.32,7.36,18.17,28.00,1.40,5.43,1.14,9.97,7.44,0.75,1.00,0.31,0.05
14,0.00,3,4,408,10.00,12.00,1.20,13.00,1.30,6.10,8.00,2.30,1.92,9.20,7.90,16.00,63.00,2.00,6.00,4.00,9.00,5,41.17,179.30,196.29,24.00,17.02,74.81,44.92,4.12,15.10,14.94,1.95,3.00,2.13,6.23,3.74,0.50,0.67,0.25,0.14
14,0.00,4,3,435,2.00,6.00,3.00,12.00,6.00,24.50,5.00,23.50,7.83,45.00,26.00,20.00,32.00,4.00,1.00,6.00,6.00,0,8.36,176.25,188.36,16.30,9.39,45.39,33.22,4.18,15.70,29.38,1.96,3.26,1.88,7.57,5.54,0.67,0.17,0.30,0.19
17,0.00,2,0,367,2.00,3.00,1.50,4.00,2.00,7.00,4.00,7.00,4.67,25.00,14.00,1.00,7.00,3.00,1.00,3.00,1.00,1,12.23,48.11,81.80,9.68,4.24,7.26,7.26,6.12,20.45,16.04,0.96,2.42,1.06,2.42,2.42,1.00,1.00,3.00,0.14
17,0.00,1,3,435,7.00,15.00,2.14,16.00,2.29,14.29,4.00,7.71,3.60,37.00,22.57,41.00,117.00,2.00,2.00,6.00,10.00,4,37.24,384.84,317.63,12.55,6.51,202.61,36.89,5.32,19.85,25.66,1.49,3.14,1.63,13.51,2.46,0.33,0.20,0.15,0.09
17,0.00,2,2,341,6.00,8.00,1.33,9.00,1.50,4.17,5.00,2.83,2.12,19.33,10.00,6.00,54.00,0.00,5.00,0.00,9.00,2,47.83,119.82,125.62,8.68,8.68,28.26,28.26,7.97,13.96,14.98,1.03,1.74,1.74,3.53,3.53,0.00,0.56,0.00,0.17
17,0.00,3,1,347,4.00,5.00,1.25,7.00,1.75,15.50,4.00,11.50,9.20,21.50,20.75,18.00,65.00,4.00,0.00,6.00,1.00,2,22.53,120.43,90.05,8.54,8.54,86.04,14.29,5.63,12.86,24.09,1.40,2.13,2.13,17.21,2.86,0.67,0.00,0.33,0.02
17,0.00,4,4,408,2.00,5.00,2.50,7.00,3.50,15.50,5.00,15.50,6.20,42.50,19.50,7.00,32.00,0.00,5.00,0.00,7.00,1,9.25,53.32,64.91,9.59,9.59,11.03,11.03,4.62,9.27,10.66,0.63,1.92,1.92,2.21,2.21,0.00,0.71,0.00,0.22
16,0.00,2,0,367,1.00,5.00,5.00,8.00,8.00,22.00,5.00,22.00,4.40,113.00,42.00,0.00,0.00,4.00,1.00,4.00,4.00,0,12.00,230.07,119.12,17.65,9.70,33.17,33.17,12.00,14.89,46.01,2.04,3.53,1.94,6.63,6.63,1.00,0.25,0.00,0.00
16,0.00,4,3,435,4.00,9.00,2.25,13.00,3.25,9.75,6.00,6.50,2.89,24.50,16.00,15.00,49.00,4.00,2.00,5.00,8.00,1,65.39,215.57,217.91,16.32,16.32,34.76,26.18,16.35,16.76,23.95,2.20,2.72,2.72,3.86,2.91,0.80,0.25,0.33,0.16
16,0.00,1,2,341,3.00,6.00,2.00,9.00,3.00,16.00,5.00,15.67,7.83,31.00,19.67,15.00,44.00,3.00,2.00,5.00,4.00,1,47.78,234.29,106.10,10.39,10.39,51.54,24.17,15.93,11.79,39.05,2.52,2.08,2.08,8.59,4.03,0.60,0.50,0.33,0.09
16,0.00,2,1,347,2.00,4.00,2.00,9.00,4.50,14.50,6.00,14.50,7.25,30.50,17.00,4.00,30.00,2.00,4.00,2.00,7.00,0,37.93,190.05,147.67,21.60,13.16,33.02,18.64,18.96,16.41,47.51,3.12,3.60,2.19,8.26,4.66,1.00,0.57,0.50,0.23
16,0.00,3,4,408,2.00,4.00,2.00,8.00,4.00,11.00,6.00,11.00,5.50,27.50,16.50,6.00,27.00,0.00,6.00,1.00,7.00,0,26.46,116.13,107.88,9.47,9.47,14.66,14.66,13.23,13.48,29.03,2.11,1.58,1.58,3.67,3.67,0.00,0.86,0.17,0.26
19,0.00,2,1,347,14.00,18.00,1.29,20.00,1.43,3.21,8.00,3.00,2.33,17.43,6.00,8.00,76.00,2.00,6.00,3.00,17.00,8,115.15,193.72,192.42,15.24,15.24,44.70,32.53,8.22,9.62,10.76,0.79,1.91,1.91,2.48,1.81,0.67,0.35,0.38,0.22
19,0.00,1,3,435,3.00,3.00,1.00,6.00,2.00,9.00,4.00,8.00,8.00,25.33,24.00,33.00,39.00,3.00,1.00,4.00,2.00,0,11.50,46.81,46.13,6.08,6.08,5.74,5.74,3.83,7.69,15.60,0.62,1.52,1.52,1.91,1.91,0.75,0.50,0.12,0.05
19,0.00,4,2,341,6.00,11.00,1.83,10.00,1.67,11.67,4.00,7.67,4.18,30.00,14.83,0.00,89.00,0.00,4.00,0.00,10.00,0,36.75,102.05,65.50,5.06,5.06,17.44,17.44,6.12,6.55,9.28,0.57,1.26,1.26,1.59,1.59,0.00,0.40,0.00,0.11
19,0.00,3,4,408,3.00,3.00,1.00,6.00,2.00,7.33,4.00,7.33,7.33,18.33,8.67,16.00,10.00,4.00,0.00,5.00,1.00,1,29.47,37.40,43.36,6.97,6.97,2.99,2.99,9.82,7.23,12.47,0.68,1.74,1.74,1.00,1.00,0.80,0.00,0.31,0.10
19,0.00,2,0,367,2.00,6.00,3.00,9.00,4.50,14.50,4.00,14.50,4.83,111.50,26.50,0.00,3.00,4.00,0.00,7.00,2.00,0,13.64,505.91,133.55,25.80,17.35,47.83,18.91,6.82,14.84,84.32,2.27,6.45,4.34,7.97,3.15,0.57,0.00,0.00,0.67
32,0.00,2,0,367,8.00,8.00,1.00,8.00,1.00,2.62,4.00,0.88,0.88,5.12,4.25,8.00,18.00,3.00,1.00,4.00,4.00,5,66.83,120.00,145.10,14.45,14.45,68.27,21.73,8.35,18.14,15.00,2.93,3.61,3.61,8.53,2.72,0.75,0.25,0.50,0.22
32,0.00,2,3,435,1.00,5.00,5.00,9.00,9.00,46.00,4.00,46.00,9.20,97.00,48.00,13.00,35.00,1.00,3.00,3.00,6.00,0,9.58,218.54,181.74,16.44,5.11,21.69,21.69,9.58,20.19,43.71,2.25,4.11,1.28,4.34,4.34,0.33,0.50,0.23,0.17
32,0.00,4,2,341,6.00,20.00,3.33,18.00,3.00,18.17,5.00,14.00,4.20,51.33,29.83,17.00,162.00,2.00,3.00,5.00,13.00,1,57.88,606.09,308.20,16.71,8.91,81.81,63.73,9.65,17.12,30.30,1.97,3.34,1.78,4.09,3.19,0.40,0.23,0.29,0.08
32,0.00,3,1,347,1.00,3.00,3.00,4.00,4.00,28.00,4.00,28.00,9.33,40.00,30.00,1.00,29.00,1.00,3.00,1.00,3.00,0,16.22,60.24,54.78,18.25,8.94,9.89,9.89,16.22,13.70,20.08,1.51,4.56,2.23,3.30,3.30,1.00,1.00,1.00,0.10
32,0.00,1,4,408,1.00,2.00,2.00,4.00,4.00,21.00,4.00,21.00,10.50,31.00,25.00,15.00,10.00,3.00,1.00,3.00,1.00,0,9.06,44.75,25.33,9.53,9.53,10.52,5.45,9.06,6.33,22.38,1.44,2.38,2.38,5.26,2.73,1.00,1.00,0.20,0.10
31,0.00,2,0,367,8.00,18.00,2.25,4.00,0.50,2.12,4.00,2.12,0.94,19.25,18.25,9.00,127.00,1.00,3.00,1.00,3.00,4,50.92,130.88,21.61,12.18,6.96,49.53,22.27,6.37,5.40,7.27,0.85,3.04,1.74,2.75,1.24,1.00,1.00,0.11,0.02
31,0.00,3,3,435,3.00,3.00,1.00,7.00,2.33,6.33,4.00,3.67,3.67,12.33,21.33,12.00,52.00,1.00,3.00,2.00,5.00,0,15.69,54.50,95.21,4.51,4.51,19.68,12.80,5.23,13.60,18.17,1.47,1.13,1.13,6.56,4.27,0.50,0.60,0.17,0.10
31,0.00,4,2,341,1.00,1.00,1.00,4.00,4.00,6.00,4.00,6.00,6.00,35.00,8.00,4.00,4.00,2.00,2.00,2.00,2.00,1,6.95,74.60,89.40,8.90,3.44,52.04,8.93,6.95,22.35,74.60,2.13,2.23,0.86,52.04,8.93,1.00,1.00,0.50,0.50
31,0.00,1,1,347,5.00,6.00,1.20,5.00,1.00,6.60,4.00,6.00,5.00,9.00,15.40,9.00,68.00,1.00,3.00,1.00,4.00,2,23.77,102.26,56.69,6.59,6.59,19.05,13.94,4.75,11.34,17.04,2.27,1.65,1.65,3.18,2.32,1.00,0.75,0.11,0.06
31,0.00,2,4,408,3.00,3.00,1.00,7.00,2.33,4.67,4.00,3.67,3.67,17.33,6.67,4.00,16.00,0.00,4.00,0.00,7.00,2,19.25,125.93,30.92,3.76,3.76,43.91,4.21,6.42,4.42,41.98,2.42,0.94,0.94,14.64,1.40,0.00,0.57,0.00,0.44
30,0.00,2,0,367,1.00,8.00,8.00,8.00,8.00,29.00,6.00,29.00,3.62,154.00,76.00,0.00,0.00,5.00,1.00,7.00,1.00,0,7.25,88.76,18.66,3.74,3.74,11.04,11.04,7.25,2.33,11.10,0.58,0.62,0.62,1.38,1.38,0.71,1.00,0.00,0.00
30,0.00,1,3,435,3.00,5.00,1.67,9.00,3.00,14.33,5.00,14.33,8.60,22.33,26.67,20.00,60.00,1.00,4.00,1.00,8.00,1,13.16,66.98,53.02,18.66,10.33,14.84,14.84,4.39,5.89,13.40,1.00,3.73,2.07,2.97,2.97,1.00,0.50,0.05,0.13
30,0.00,2,2,341,3.00,9.00,3.00,9.00,3.00,10.67,5.00,10.33,3.44,34.67,24.67,14.00,60.00,1.00,4.00,3.00,6.00,1,14.37,101.56,33.06,5.09,5.09,28.95,17.11,4.79,3.67,11.28,0.98,1.02,1.02,3.22,1.90,0.33,0.67,0.21,0.10
30,0.00,4,1,347,4.00,8.00,2.00,15.00,3.75,14.75,5.00,10.75,5.38,45.00,16.00,17.00,47.00,3.00,2.00,5.00,10.00,1,25.22,120.84,107.69,6.25,6.25,21.26,21.26,6.31,7.18,15.11,0.67,1.25,1.25,2.66,2.66,0.60,0.20,0.29,0.21
30,0.00,3,4,408,2.00,5.00,2.50,10.00,5.00,19.00,7.00,19.00,7.60,45.00,24.50,13.00,36.00,2.00,5.00,2.00,8.00,1,6.99,57.97,58.02,13.07,6.78,9.25,9.25,3.50,5.80,11.59,0.64,1.87,0.97,1.85,1.85,1.00,0.62,0.15,0.22
37,0.00,2,0,367,3.00,6.00,2.00,4.00,1.33,13.00,4.00,13.00,6.50,17.00,15.33,15.00,19.00,4.00,0.00,4.00,0.00,2,32.91,129.96,55.73,13.55,4.49,43.93,16.45,10.97,13.93,21.66,2.55,3.39,1.12,7.32,2.74,1.00,0.00,0.27,0.00
37,0.00,4,1,347,5.00,12.00,2.40,6.00,1.20,5.00,6.00,5.00,2.08,19.60,20.00,12.00,88.00,3.00,3.00,3.00,3.00,1,35.77,361.04,62.28,8.78,8.78,75.93,18.25,7.15,10.38,30.09,3.68,1.46,1.46,6.33,1.52,1.00,1.00,0.25,0.03
37,0.00,2,2,341,9.00,19.00,2.11,20.00,2.22,12.56,5.00,3.11,1.47,19.56,18.22,28.00,136.00,2.00,3.00,7.00,13.00,4,81.21,380.31,318.31,8.63,8.63,100.93,51.00,9.02,15.92,20.02,2.16,1.73,1.73,5.31,2.68,0.29,0.23,0.25,0.10
37,0.00,1,3,435,1.00,1.00,1.00,5.00,5.00,12.00,5.00,12.00,12.00,25.00,24.00,8.00,16.00,2.00,3.00,2.00,3.00,0,7.92,80.76,22.70,8.06,8.06,14.73,14.73,7.92,4.54,80.76,3.23,1.61,1.61,14.73,14.73,1.00,1.00,0.25,0.19
37,0.00,3,4,408,4.00,10.00,2.50,10.00,2.50,11.25,6.00,10.75,4.30,24.25,22.75,17.00,74.00,0.00,6.00,0.00,10.00,1,19.78,256.20,233.69,19.75,7.43,65.52,26.43,4.95,23.37,25.62,2.64,3.29,1.24,6.55,2.64,0.00,0.60,0.00,0.14
50,0.00,2,0,367,1.00,4.00,4.00,10.00,10.00,32.00,4.00,20.00,5.00,126.00,32.00,0.00,0.00,3.00,1.00,4.00,6.00,1,32.74,228.77,256.50,10.61,10.61,34.53,28.92,32.74,25.65,57.19,1.82,2.65,2.65,8.63,7.23,0.75,0.17,0.00,0.00
50,0.00,2,1,347,1.00,7.00,7.00,17.00,17.00,63.00,8.00,40.00,5.71,149.00,67.00,18.00,49.00,4.00,4.00,6.00,11.00,0,11.83,206.18,244.20,8.79,8.79,25.54,25.54,11.83,14.36,29.45,1.38,1.10,1.10,3.65,3.65,0.67,0.36,0.33,0.22
50,0.00,3,2,341,11.00,14.00,1.27,15.00,1.36,6.00,7.00,5.09,4.00,13.09,7.64,22.00,62.00,4.00,3.00,6.00,9.00,6,150.08,154.75,214.59,10.00,10.00,31.43,25.96,13.64,14.31,11.05,1.07,1.43,1.43,2.25,1.85,0.67,0.33,0.27,0.15
50,0.00,1,3,435,1.00,4.00,4.00,17.00,17.00,38.00,13.00,38.00,9.50,92.00,38.00,12.00,26.00,6.00,7.00,6.00,11.00,0,10.25,111.99,256.08,19.18,13.23,33.13,27.23,10.25,15.06,28.00,1.22,1.48,1.02,8.28,6.81,1.00,0.64,0.50,0.42
50,0.00,4,4,408,3.00,9.00,3.00,14.00,4.67,21.67,8.00,19.33,6.44,40.00,25.33,3.00,73.00,0.00,8.00,0.00,14.00,1,19.61,159.19,172.42,7.02,7.02,19.70,19.70,6.54,12.32,17.69,1.33,0.88,0.88,2.19,2.19,0.00,0.57,0.00,0.19
35,0.00,2,0,367,1.00,1.00,1.00,7.00,7.00,9.00,5.00,9.00,9.00,42.00,9.00,0.00,0.00,5.00,0.00,7.00,0.00,0,8.69,96.87,174.46,18.22,12.59,4.31,4.31,8.69,24.92,96.87,2.31,3.64,2.52,4.31,4.31,0.71,0.00,0.00,0.00
35,0.00,3,1,347,19.00,21.00,1.11,23.00,1.21,4.74,8.00,2.05,1.86,13.42,11.58,51.00,169.00,5.00,3.00,7.00,16.00,6,191.42,381.62,581.37,25.41,20.38,38.89,38.89,10.07,25.28,18.17,1.50,3.18,2.55,1.85,1.85,0.71,0.19,0.14,0.09
35,0.00,1,2,341,28.00,33.00,1.18,18.00,0.64,4.00,6.00,1.75,1.48,14.21,10.68,47.00,252.00,3.00,3.00,6.00,12.00,2,210.56,521.71,471.77,13.86,13.86,61.02,48.35,7.52,26.21,15.81,1.31,2.31,2.31,1.85,1.47,0.50,0.25,0.13,0.05
35,0.00,4,3,435,14.00,23.00,1.64,19.00,1.36,4.93,6.00,1.50,0.91,21.07,11.86,14.00,152.00,3.00,3.00,6.00,13.00,1,125.79,422.20,384.73,17.71,11.67,24.58,18.93,8.99,20.25,18.36,1.43,2.95,1.94,1.07,0.82,0.50,0.23,0.43,0.09
35,0.00,2,4,408,14.00,20.00,1.43,22.00,1.57,4.00,8.00,1.86,1.30,20.86,10.29,32.00,112.00,0.00,8.00,5.00,17.00,5,71.60,336.56,366.19,24.90,16.08,43.24,35.56,5.11,16.65,16.83,1.15,3.11,2.01,2.16,1.78,0.00,0.47,0.16,0.15
34,0.00,2,0,367,1.00,3.00,3.00,8.00,8.00,17.00,6.00,17.00,5.67,54.00,24.00,0.00,0.00,6.00,0.00,7.00,1.00,0,6.44,91.78,173.49,11.04,11.04,22.79,22.79,6.44,21.69,30.59,1.70,1.84,1.84,7.60,7.60,0.86,0.00,0.00,0.00
34,0.00,2,3,435,2.00,4.00,2.00,6.00,3.00,11.00,5.00,9.50,4.75,29.00,15.00,8.00,22.00,1.00,4.00,1.00,5.00,0,12.03,124.40,62.92,17.83,7.94,51.06,11.53,6.02,10.49,31.10,2.14,3.57,1.59,12.77,2.88,1.00,0.80,0.12,0.23
34,0.00,4,2,341,5.00,9.00,1.80,6.00,1.20,3.00,5.00,2.60,1.44,12.40,15.00,8.00,67.00,2.00,3.00,2.00,4.00,1,16.26,101.57,99.91,11.09,4.10,62.01,23.93,3.25,16.65,11.29,1.64,2.22,0.82,6.89,2.66,1.00,0.75,0.25,0.06
34,0.00,1,1,347,2.00,5.00,2.50,12.00,6.00,22.50,7.00,22.50,9.00,42.50,25.00,7.00,43.00,0.00,7.00,1.00,11.00,0,10.52,133.95,191.83,25.01,14.04,49.50,29.34,5.26,15.99,26.79,1.58,3.57,2.01,9.90,5.87,0.00,0.64,0.14,0.26
34,0.00,3,4,408,2.00,6.00,3.00,11.00,5.50,27.00,6.00,27.00,9.00,43.00,30.00,22.00,38.00,2.00,4.00,5.00,6.00,0,13.07,112.35,99.31,14.38,14.38,46.11,34.01,6.54,9.03,18.72,1.31,2.40,2.40,7.68,5.67,0.40,0.67,0.23,0.16
33,0.00,2,0,367,1.00,3.00,3.00,4.00,4.00,14.00,4.00,14.00,4.67,75.00,27.00,0.00,0.00,3.00,1.00,3.00,1.00,1,16.21,193.32,42.04,28.30,7.86,33.70,13.92,16.21,10.51,64.44,2.58,7.08,1.97,11.23,4.64,1.00,1.00,0.00,0.00
33,0.00,2,3,435,1.00,2.00,2.00,7.00,7.00,15.00,6.00,15.00,7.50,45.00,15.00,6.00,9.00,3.00,3.00,3.00,4.00,4,11.07,93.56,101.33,30.72,10.78,34.69,13.63,11.07,14.48,46.78,2.08,5.12,1.80,17.34,6.82,1.00,0.75,0.50,0.44
33,0.00,4,2,341,6.00,8.00,1.33,14.00,2.33,5.17,5.00,2.50,1.88,17.33,9.67,14.00,44.00,1.00,4.00,2.00,12.00,4,40.18,249.49,152.26,19.75,9.06,80.85,31.59,6.70,10.88,31.19,2.40,3.95,1.81,10.11,3.95,0.50,0.33,0.14,0.27
33,0.00,1,1,347,2.00,2.00,1.00,5.00,2.50,9.00,4.00,9.00,9.00,31.00,10.00,0.00,20.00,0.00,4.00,0.00,5.00,1,19.64,127.87,94.15,12.34,12.34,17.78,10.16,9.82,18.83,63.94,2.06,3.08,3.08,8.89,5.08,0.00,0.80,0.00,0.25
33,0.00,3,4,408,1.00,2.00,2.00,8.00,8.00,25.00,6.00,21.00,10.50,44.00,25.00,15.00,10.00,4.00,2.00,5.00,3.00,0,11.57,89.70,95.17,67.61,5.48,50.59,8.69,11.57,11.90,44.85,2.04,11.27,0.91,25.30,4.34,0.80,0.67,0.33,0.30
18,0.00,2,0,367,3.00,7.00,2.33,4.00,1.33,9.33,4.00,9.33,4.00,27.00,18.33,28.00,24.00,3.00,1.00,3.00,1.00,0,21.02,140.81,35.68,13.43,13.43,17.56,17.56,7.01,8.92,20.12,1.74,3.36,3.36,2.51,2.51,1.00,1.00,0.11,0.04
18,0.00,2,3,435,2.00,3.00,1.50,7.00,3.50,5.50,4.00,5.50,3.67,12.00,5.50,2.00,9.00,1.00,3.00,1.00,6.00,1,12.46,56.66,252.03,137.24,8.59,18.37,18.37,6.23,36.00,18.89,2.36,34.31,2.15,6.12,6.12,1.00,0.50,0.50,0.67
18,0.00,4,2,341,1.00,1.00,1.00,4.00,4.00,9.00,4.00,9.00,9.00,20.00,9.00,1.00,8.00,1.00,3.00,1.00,3.00,0,10.69,32.61,26.22,7.70,7.70,7.23,7.23,10.69,6.55,32.61,1.63,1.93,1.93,7.23,7.23,1.00,1.00,1.00,0.38
18,0.00,1,1,347,1.00,4.00,4.00,7.00,7.00,28.00,4.00,26.00,6.50,70.00,40.00,12.00,28.00,3.00,1.00,3.00,4.00,0,8.52,95.33,71.53,10.50,5.33,15.83,15.83,8.52,10.22,23.83,1.36,2.62,1.33,3.96,3.96,1.00,0.25,0.25,0.14
18,0.00,3,4,408,7.00,8.00,1.14,4.00,0.57,4.57,4.00,4.57,4.00,8.14,11.57,11.00,70.00,1.00,3.00,1.00,3.00,0,29.54,113.04,44.13,8.93,8.93,19.83,19.83,4.22,11.03,14.13,1.98,2.23,2.23,2.48,2.48,1.00,1.00,0.09,0.04

