userid,condition,interface,diversity,taskid,topic,total_actions,p10,any_interactions,was_clicked,clicked_count
32,0,1,1,4,408,119,0.9,1,1,4
22,0,1,1,3,435,220,0.2,1,1,5
22,0,1,1,3,435,220,0.4,1,1,1
35,0,1,3,1,347,861,0.6,1,1,1
35,0,1,3,1,347,861,0.0,1,1,1
35,0,1,3,1,347,861,0.2,1,1,1
35,0,1,3,1,347,861,0.3,1,1,1
35,0,1,3,1,347,861,0.0,1,1,1
35,0,1,3,1,347,861,0.3,1,1,4
35,0,1,3,1,347,861,0.0,0,0,0
35,0,1,3,1,347,861,0.0,0,0,0
35,0,1,3,1,347,861,0.1,1,1,1
35,0,1,3,1,347,861,0.0,1,1,2
35,0,1,3,1,347,861,0.0,0,0,0
35,0,1,3,1,347,861,0.0,1,1,1
35,0,1,3,1,347,861,0.0,0,0,0
35,0,1,3,1,347,861,0.0,0,0,0
35,0,1,3,1,347,861,0.4,1,1,2
35,0,1,3,1,347,861,0.7,1,1,1
35,0,1,3,1,347,861,0.4,0,0,0
35,0,1,3,1,347,861,0.6,1,1,1
35,0,1,3,1,347,861,0.4,1,1,6
11,0,1,4,1,347,140,0.0,0,0,0
11,0,1,4,1,347,140,0.0,0,0,0
11,0,1,4,1,347,140,0.0,0,0,0
11,0,1,4,1,347,140,0.0,0,0,0
11,0,1,4,1,347,140,0.0,0,0,0
11,0,1,4,1,347,140,0.0,1,1,4
26,0,1,4,4,408,571,0.3,0,0,0
26,0,1,4,4,408,571,0.0,0,0,0
26,0,1,4,4,408,571,0.2,1,1,3
26,0,1,4,4,408,571,0.0,1,1,1
26,0,1,4,4,408,571,0.3,1,1,3
26,0,1,4,4,408,571,0.3,1,1,3
26,0,1,4,4,408,571,0.9,1,1,1
23,0,1,3,3,435,726,0.3,1,1,25
25,0,1,1,1,347,628,0.1,1,1,3
25,0,1,1,1,347,628,0.1,0,0,0
25,0,1,1,1,347,628,0.2,1,1,3
25,0,1,1,1,347,628,0.4,0,0,0
25,0,1,1,1,347,628,0.4,1,1,1
25,0,1,1,1,347,628,0.3,0,0,0
25,0,1,1,1,347,628,0.1,0,0,0
25,0,1,1,1,347,628,0.0,0,0,0
25,0,1,1,1,347,628,0.1,1,1,4
38,0,1,1,1,347,422,0.0,0,0,0
38,0,1,1,1,347,422,0.2,1,1,1
38,0,1,1,1,347,422,0.2,1,1,2
38,0,1,1,1,347,422,0.3,1,1,1
38,0,1,1,1,347,422,0.0,0,0,0
38,0,1,1,1,347,422,0.2,1,1,3
38,0,1,1,1,347,422,0.4,1,1,1
38,0,1,1,1,347,422,0.1,1,1,2
38,0,1,1,1,347,422,0.1,1,1,1
50,0,1,2,1,347,467,0.5,1,1,17
27,0,1,3,4,408,300,0.1,1,1,3
27,0,1,3,4,408,300,0.4,0,0,0
27,0,1,3,4,408,300,0.3,0,0,0
27,0,1,3,4,408,300,0.6,0,0,0
27,0,1,3,4,408,300,0.6,1,1,1
27,0,1,3,4,408,300,0.7,1,1,2
14,0,1,2,1,347,222,0.1,0,0,0
14,0,1,2,1,347,222,0.3,1,1,8
14,0,1,2,1,347,222,0.2,1,1,1
36,0,1,2,1,347,239,0.2,1,1,3
36,0,1,2,1,347,239,0.1,1,1,7
38,0,1,3,3,435,213,0.0,1,1,1
38,0,1,3,3,435,213,0.4,0,0,0
38,0,1,3,3,435,213,0.4,1,1,4
13,0,1,3,2,341,421,0.2,1,1,3
13,0,1,3,2,341,421,0.0,1,1,1
13,0,1,3,2,341,421,0.1,0,0,0
13,0,1,3,2,341,421,0.4,1,1,8
37,0,1,3,4,408,357,0.4,1,1,1
37,0,1,3,4,408,357,0.3,1,1,3
37,0,1,3,4,408,357,0.1,1,1,5
37,0,1,3,4,408,357,0.6,1,1,1
14,0,1,1,2,341,200,0.5,1,1,1
14,0,1,1,2,341,200,0.2,0,0,0
14,0,1,1,2,341,200,0.5,1,1,5
1,0,1,1,2,341,618,0.4,0,0,0
1,0,1,1,2,341,618,0.5,0,0,0
1,0,1,1,2,341,618,0.5,0,0,0
1,0,1,1,2,341,618,0.1,0,0,0
1,0,1,1,2,341,618,0.0,0,0,0
1,0,1,1,2,341,618,0.3,0,0,0
1,0,1,1,2,341,618,0.6,0,0,0
1,0,1,1,2,341,618,0.6,1,1,3
1,0,1,1,2,341,618,0.6,1,1,2
1,0,1,1,2,341,618,0.3,1,1,3
1,0,1,1,2,341,618,0.4,1,1,7
20,0,1,4,4,408,208,0.9,1,1,7
20,0,1,4,4,408,208,0.0,1,1,2
19,0,1,1,3,435,237,0.3,1,1,1
19,0,1,1,3,435,237,0.3,1,1,3
19,0,1,1,3,435,237,0.9,1,1,2
28,0,1,2,4,408,458,0.8,1,1,9
3,0,1,4,2,341,462,0.2,0,0,0
3,0,1,4,2,341,462,0.0,0,0,0
3,0,1,4,2,341,462,0.2,1,1,6
3,0,1,4,2,341,462,0.0,0,0,0
3,0,1,4,2,341,462,0.2,1,1,4
3,0,1,4,2,341,462,0.3,1,1,4
31,0,1,3,3,435,167,0.3,1,1,4
31,0,1,3,3,435,167,0.0,0,0,0
31,0,1,3,3,435,167,0.3,1,1,3
1,0,1,3,4,408,468,0.1,0,0,0
1,0,1,3,4,408,468,0.0,0,0,0
1,0,1,3,4,408,468,0.2,0,0,0
1,0,1,3,4,408,468,0.6,1,1,12
4,0,1,3,1,347,671,0.2,1,1,7
4,0,1,3,1,347,671,0.3,1,1,3
4,0,1,3,1,347,671,0.3,1,1,3
4,0,1,3,1,347,671,0.2,1,1,4
22,0,1,4,4,408,222,0.3,0,0,0
22,0,1,4,4,408,222,0.5,1,1,2
22,0,1,4,4,408,222,0.1,0,0,0
22,0,1,4,4,408,222,0.1,1,1,4
22,0,1,4,4,408,222,0.0,1,1,1
8,0,1,3,1,347,229,0.4,1,1,2
8,0,1,3,1,347,229,0.6,1,1,5
38,0,1,4,4,408,133,0.8,1,1,4
9,0,1,4,3,435,584,0.2,1,1,4
9,0,1,4,3,435,584,0.1,0,0,0
9,0,1,4,3,435,584,0.3,1,1,4
9,0,1,4,3,435,584,0.0,0,0,0
9,0,1,4,3,435,584,0.1,1,1,1
35,0,1,2,4,408,873,0.6,1,1,2
35,0,1,2,4,408,873,0.8,1,1,1
35,0,1,2,4,408,873,0.6,1,1,5
35,0,1,2,4,408,873,0.1,1,1,2
35,0,1,2,4,408,873,0.0,1,1,1
35,0,1,2,4,408,873,0.1,1,1,1
35,0,1,2,4,408,873,0.0,1,1,1
35,0,1,2,4,408,873,0.2,0,0,0
35,0,1,2,4,408,873,0.0,1,1,1
35,0,1,2,4,408,873,0.0,0,0,0
35,0,1,2,4,408,873,0.1,1,1,1
35,0,1,2,4,408,873,0.3,0,0,0
35,0,1,2,4,408,873,0.1,1,1,1
35,0,1,2,4,408,873,0.0,1,1,6
42,0,1,1,2,341,1216,0.6,1,1,2
42,0,1,1,2,341,1216,0.4,1,1,1
42,0,1,1,2,341,1216,0.1,1,1,4
42,0,1,1,2,341,1216,0.2,1,1,2
42,0,1,1,2,341,1216,0.0,0,0,0
42,0,1,1,2,341,1216,0.0,0,0,0
42,0,1,1,2,341,1216,0.2,0,0,0
42,0,1,1,2,341,1216,0.2,1,1,3
42,0,1,1,2,341,1216,0.5,1,1,5
35,0,1,1,2,341,1225,0.1,1,1,1
35,0,1,1,2,341,1225,0.0,0,0,0
35,0,1,1,2,341,1225,0.0,0,0,0
35,0,1,1,2,341,1225,0.0,0,0,0
35,0,1,1,2,341,1225,0.0,0,0,0
35,0,1,1,2,341,1225,0.0,0,0,0
35,0,1,1,2,341,1225,0.0,0,0,0
35,0,1,1,2,341,1225,0.1,0,0,0
35,0,1,1,2,341,1225,0.1,1,1,1
35,0,1,1,2,341,1225,0.2,1,1,1
35,0,1,1,2,341,1225,0.4,1,1,1
35,0,1,1,2,341,1225,0.2,0,0,0
35,0,1,1,2,341,1225,0.0,0,0,0
35,0,1,1,2,341,1225,0.4,0,0,0
35,0,1,1,2,341,1225,0.4,1,1,2
35,0,1,1,2,341,1225,0.6,0,0,0
35,0,1,1,2,341,1225,0.0,1,1,1
35,0,1,1,2,341,1225,0.4,1,1,1
35,0,1,1,2,341,1225,0.5,1,1,1
35,0,1,1,2,341,1225,0.1,0,0,0
35,0,1,1,2,341,1225,0.1,1,1,1
35,0,1,1,2,341,1225,0.1,0,0,0
35,0,1,1,2,341,1225,0.0,1,1,1
35,0,1,1,2,341,1225,0.0,1,1,1
35,0,1,1,2,341,1225,0.3,0,0,0
35,0,1,1,2,341,1225,0.2,0,0,0
35,0,1,1,2,341,1225,0.0,0,0,0
35,0,1,1,2,341,1225,0.2,1,1,6
40,0,1,4,4,408,238,0.0,0,0,0
40,0,1,4,4,408,238,0.0,0,0,0
40,0,1,4,4,408,238,0.0,0,0,0
40,0,1,4,4,408,238,0.0,0,0,0
40,0,1,4,4,408,238,0.2,0,0,0
40,0,1,4,4,408,238,0.2,0,0,0
40,0,1,4,4,408,238,0.0,0,0,0
40,0,1,4,4,408,238,0.0,0,0,0
40,0,1,4,4,408,238,0.0,0,0,0
40,0,1,4,4,408,238,0.3,1,1,1
40,0,1,4,4,408,238,0.0,0,0,0
40,0,1,4,4,408,238,0.0,0,0,0
40,0,1,4,4,408,238,0.1,1,1,4
28,0,1,1,1,347,494,0.4,1,1,7
28,0,1,1,1,347,494,0.3,1,1,4
28,0,1,1,1,347,494,0.2,1,1,3
28,0,1,1,1,347,494,0.2,1,1,3
12,0,1,3,1,347,330,0.4,1,1,2
12,0,1,3,1,347,330,0.6,1,1,3
2,0,1,2,3,435,358,0.2,1,1,2
2,0,1,2,3,435,358,0.1,0,0,0
2,0,1,2,3,435,358,0.1,0,0,0
2,0,1,2,3,435,358,0.1,0,0,0
2,0,1,2,3,435,358,0.2,0,0,0
2,0,1,2,3,435,358,0.0,1,1,1
2,0,1,2,3,435,358,0.0,0,0,0
2,0,1,2,3,435,358,0.8,1,1,6
31,0,1,2,4,408,188,0.0,1,1,1
31,0,1,2,4,408,188,0.2,1,1,3
31,0,1,2,4,408,188,0.2,1,1,3
21,0,1,4,2,341,259,0.2,1,1,3
21,0,1,4,2,341,259,0.2,1,1,6
21,0,1,4,2,341,259,0.2,1,1,3
25,0,1,4,2,341,572,0.2,1,1,1
25,0,1,4,2,341,572,0.0,0,0,0
25,0,1,4,2,341,572,0.2,1,1,5
25,0,1,4,2,341,572,0.1,1,1,4
25,0,1,4,2,341,572,0.0,1,1,1
25,0,1,4,2,341,572,0.2,0,0,0
25,0,1,4,2,341,572,0.2,1,1,2
25,0,1,4,2,341,572,0.1,1,1,2
25,0,1,4,2,341,572,0.0,0,0,0
25,0,1,4,2,341,572,0.1,1,1,2
24,0,1,4,2,341,289,0.0,0,0,0
24,0,1,4,2,341,289,0.0,0,0,0
24,0,1,4,2,341,289,0.0,0,0,0
24,0,1,4,2,341,289,0.1,1,1,9
25,0,1,2,3,435,1014,0.7,1,1,1
25,0,1,2,3,435,1014,0.5,1,1,2
25,0,1,2,3,435,1014,0.4,0,0,0
25,0,1,2,3,435,1014,0.3,1,1,1
25,0,1,2,3,435,1014,0.2,1,1,2
25,0,1,2,3,435,1014,0.7,1,1,1
25,0,1,2,3,435,1014,0.3,1,1,1
25,0,1,2,3,435,1014,0.2,1,1,1
25,0,1,2,3,435,1014,0.2,0,0,0
25,0,1,2,3,435,1014,0.4,1,1,2
25,0,1,2,3,435,1014,0.2,1,1,2
25,0,1,2,3,435,1014,0.7,1,1,2
25,0,1,2,3,435,1014,0.6,1,1,4
25,0,1,2,3,435,1014,0.3,1,1,2
25,0,1,2,3,435,1014,0.0,1,1,1
25,0,1,2,3,435,1014,0.0,0,0,0
25,0,1,2,3,435,1014,0.0,0,0,0
25,0,1,2,3,435,1014,0.0,1,1,1
24,0,1,1,4,408,255,0.6,1,1,7
24,0,1,1,4,408,255,0.9,1,1,3
19,0,1,4,2,341,500,0.0,0,0,0
19,0,1,4,2,341,500,0.0,0,0,0
19,0,1,4,2,341,500,0.0,1,1,3
19,0,1,4,2,341,500,0.0,1,1,2
19,0,1,4,2,341,500,0.0,1,1,3
19,0,1,4,2,341,500,0.0,1,1,2
9,0,1,1,4,408,451,0.6,0,0,0
9,0,1,1,4,408,451,0.8,1,1,3
9,0,1,1,4,408,451,0.7,1,1,1
9,0,1,1,4,408,451,0.5,1,1,7
2,0,1,1,1,347,190,0.6,1,1,7
19,0,1,2,1,347,758,0.0,0,0,0
19,0,1,2,1,347,758,0.1,1,1,8
19,0,1,2,1,347,758,0.0,1,1,2
19,0,1,2,1,347,758,0.1,0,0,0
19,0,1,2,1,347,758,0.1,1,1,2
19,0,1,2,1,347,758,0.0,0,0,0
19,0,1,2,1,347,758,0.0,0,0,0
19,0,1,2,1,347,758,0.1,1,1,4
19,0,1,2,1,347,758,0.0,0,0,0
19,0,1,2,1,347,758,0.0,0,0,0
19,0,1,2,1,347,758,0.0,0,0,0
19,0,1,2,1,347,758,0.0,0,0,0
19,0,1,2,1,347,758,0.0,1,1,1
19,0,1,2,1,347,758,0.2,1,1,3
18,0,1,3,4,408,230,0.6,0,0,0
18,0,1,3,4,408,230,0.0,1,1,1
18,0,1,3,4,408,230,0.2,1,1,2
18,0,1,3,4,408,230,0.2,0,0,0
18,0,1,3,4,408,230,0.0,0,0,0
18,0,1,3,4,408,230,0.0,0,0,0
18,0,1,3,4,408,230,0.1,1,1,1
44,0,1,1,3,435,252,0.5,1,1,9
42,0,1,3,3,435,791,0.5,1,1,1
42,0,1,3,3,435,791,0.5,1,1,7
42,0,1,3,3,435,791,0.5,1,1,9
42,0,1,4,1,347,546,0.3,1,1,14
20,0,1,3,3,435,321,0.3,1,1,1
20,0,1,3,3,435,321,0.2,0,0,0
20,0,1,3,3,435,321,0.2,1,1,7
20,0,1,3,3,435,321,0.4,1,1,2
7,0,1,1,2,341,978,0.3,1,1,4
7,0,1,1,2,341,978,0.0,0,0,0
7,0,1,1,2,341,978,0.3,1,1,2
7,0,1,1,2,341,978,0.3,1,1,2
7,0,1,1,2,341,978,0.5,1,1,1
7,0,1,1,2,341,978,0.2,1,1,2
7,0,1,1,2,341,978,0.0,1,1,1
7,0,1,1,2,341,978,0.2,1,1,1
18,0,1,4,2,341,90,0.1,1,1,4
3,0,1,1,4,408,316,0.0,0,0,0
3,0,1,1,4,408,316,0.0,1,1,1
3,0,1,1,4,408,316,0.3,1,1,1
3,0,1,1,4,408,316,0.3,0,0,0
3,0,1,1,4,408,316,0.0,0,0,0
3,0,1,1,4,408,316,0.1,1,1,1
3,0,1,1,4,408,316,0.7,1,1,2
3,0,1,1,4,408,316,0.0,0,0,0
3,0,1,1,4,408,316,0.0,0,0,0
3,0,1,1,4,408,316,0.7,1,1,1
6,0,1,2,3,435,360,0.2,1,1,9
6,0,1,2,3,435,360,0.5,1,1,1
6,0,1,2,3,435,360,0.5,1,1,1
47,0,1,2,2,341,359,0.1,0,0,0
47,0,1,2,2,341,359,0.0,0,0,0
47,0,1,2,2,341,359,0.0,1,1,10
41,0,1,1,2,341,2345,0.4,1,1,2
41,0,1,1,2,341,2345,0.4,0,0,0
41,0,1,1,2,341,2345,0.0,0,0,0
41,0,1,1,2,341,2345,0.4,1,1,1
41,0,1,1,2,341,2345,0.0,0,0,0
41,0,1,1,2,341,2345,0.0,0,0,0
41,0,1,1,2,341,2345,0.3,0,0,0
41,0,1,1,2,341,2345,0.4,1,1,1
41,0,1,1,2,341,2345,0.1,1,1,1
41,0,1,1,2,341,2345,0.1,0,0,0
41,0,1,1,2,341,2345,0.0,0,0,0
41,0,1,1,2,341,2345,0.1,0,0,0
41,0,1,1,2,341,2345,0.4,1,1,2
41,0,1,1,2,341,2345,0.0,1,1,1
41,0,1,1,2,341,2345,0.0,0,0,0
41,0,1,1,2,341,2345,0.5,1,1,1
41,0,1,1,2,341,2345,0.3,0,0,0
41,0,1,1,2,341,2345,0.2,1,1,1
41,0,1,1,2,341,2345,0.0,1,1,1
41,0,1,1,2,341,2345,0.6,1,1,2
41,0,1,1,2,341,2345,0.0,0,0,0
41,0,1,1,2,341,2345,0.7,1,1,2
41,0,1,1,2,341,2345,0.2,0,0,0
41,0,1,1,2,341,2345,0.1,1,1,2
41,0,1,1,2,341,2345,0.0,1,1,1
41,0,1,1,2,341,2345,0.8,1,1,1
41,0,1,1,2,341,2345,0.0,0,0,0
41,0,1,1,2,341,2345,0.0,0,0,0
41,0,1,1,2,341,2345,0.1,0,0,0
41,0,1,1,2,341,2345,0.2,0,0,0
41,0,1,1,2,341,2345,0.1,1,1,3
44,0,1,3,4,408,335,0.6,0,0,0
44,0,1,3,4,408,335,0.3,1,1,9
43,0,1,3,4,408,246,0.2,1,1,2
43,0,1,3,4,408,246,0.2,1,1,1
43,0,1,3,4,408,246,0.0,1,1,1
43,0,1,3,4,408,246,0.2,1,1,1
43,0,1,3,4,408,246,0.6,0,0,0
43,0,1,3,4,408,246,0.4,1,1,1
42,0,1,2,4,408,415,0.6,1,1,11
14,0,1,4,3,435,295,0.3,1,1,1
14,0,1,4,3,435,295,0.5,1,1,11
44,0,1,2,2,341,747,0.1,0,0,0
44,0,1,2,2,341,747,0.0,0,0,0
44,0,1,2,2,341,747,0.0,0,0,0
44,0,1,2,2,341,747,0.0,0,0,0
44,0,1,2,2,341,747,0.0,0,0,0
44,0,1,2,2,341,747,0.0,0,0,0
44,0,1,2,2,341,747,0.0,0,0,0
44,0,1,2,2,341,747,0.2,0,0,0
44,0,1,2,2,341,747,0.0,0,0,0
44,0,1,2,2,341,747,0.0,0,0,0
44,0,1,2,2,341,747,0.2,1,1,2
44,0,1,2,2,341,747,0.0,0,0,0
44,0,1,2,2,341,747,0.2,0,0,0
44,0,1,2,2,341,747,0.2,0,0,0
44,0,1,2,2,341,747,0.2,0,0,0
44,0,1,2,2,341,747,0.0,0,0,0
44,0,1,2,2,341,747,0.4,1,1,3
44,0,1,2,2,341,747,0.2,0,0,0
44,0,1,2,2,341,747,0.2,0,0,0
44,0,1,2,2,341,747,0.0,0,0,0
44,0,1,2,2,341,747,0.2,1,1,1
44,0,1,2,2,341,747,0.0,0,0,0
44,0,1,2,2,341,747,0.2,1,1,1
44,0,1,2,2,341,747,0.1,0,0,0
44,0,1,2,2,341,747,0.1,0,0,0
44,0,1,2,2,341,747,0.0,0,0,0
44,0,1,2,2,341,747,0.1,0,0,0
44,0,1,2,2,341,747,0.1,0,0,0
44,0,1,2,2,341,747,0.4,1,1,1
27,0,1,2,2,341,271,0.3,1,1,3
27,0,1,2,2,341,271,0.2,0,0,0
27,0,1,2,2,341,271,0.1,1,1,2
39,0,1,4,4,408,161,0.1,1,1,6
24,0,1,2,3,435,219,0.2,1,1,9
5,0,1,4,2,341,678,0.3,1,1,1
5,0,1,4,2,341,678,0.0,0,0,0
5,0,1,4,2,341,678,0.3,0,0,0
5,0,1,4,2,341,678,0.2,0,0,0
5,0,1,4,2,341,678,0.3,1,1,3
5,0,1,4,2,341,678,0.2,0,0,0
5,0,1,4,2,341,678,0.0,0,0,0
5,0,1,4,2,341,678,0.0,0,0,0
5,0,1,4,2,341,678,0.0,0,0,0
5,0,1,4,2,341,678,0.2,1,1,1
5,0,1,4,2,341,678,0.0,0,0,0
5,0,1,4,2,341,678,0.0,1,1,1
5,0,1,4,2,341,678,0.0,1,1,2
5,0,1,4,2,341,678,0.1,1,1,1
5,0,1,4,2,341,678,0.2,1,1,3
5,0,1,4,2,341,678,0.2,0,0,0
5,0,1,4,2,341,678,0.1,1,1,2
5,0,1,4,2,341,678,0.3,1,1,1
5,0,1,4,2,341,678,0.0,0,0,0
5,0,1,4,2,341,678,0.0,0,0,0
5,0,1,4,2,341,678,0.0,0,0,0
5,0,1,4,2,341,678,0.1,1,1,1
5,0,1,4,2,341,678,0.0,0,0,0
5,0,1,4,2,341,678,0.1,1,1,2
32,0,1,4,2,341,870,0.2,1,1,5
32,0,1,4,2,341,870,0.3,0,0,0
32,0,1,4,2,341,870,0.2,1,1,3
32,0,1,4,2,341,870,0.0,0,0,0
32,0,1,4,2,341,870,0.2,1,1,3
32,0,1,4,2,341,870,0.2,1,1,7
10,0,1,2,2,341,449,0.2,0,0,0
10,0,1,2,2,341,449,0.3,0,0,0
10,0,1,2,2,341,449,0.3,0,0,0
10,0,1,2,2,341,449,0.3,1,1,1
10,0,1,2,2,341,449,0.1,1,1,7
10,0,1,2,2,341,449,0.3,0,0,0
10,0,1,2,2,341,449,0.0,1,1,1
10,0,1,2,2,341,449,0.0,1,1,2
10,0,1,2,2,341,449,0.1,1,1,2
28,0,1,4,3,435,658,0.8,1,1,1
28,0,1,4,3,435,658,0.6,1,1,7
28,0,1,4,3,435,658,0.5,1,1,4
18,0,1,2,3,435,130,0.2,1,1,5
18,0,1,2,3,435,130,0.3,1,1,2
41,0,1,2,4,408,1280,0.2,1,1,1
41,0,1,2,4,408,1280,0.0,1,1,1
41,0,1,2,4,408,1280,0.0,1,1,1
41,0,1,2,4,408,1280,0.4,0,0,0
41,0,1,2,4,408,1280,0.1,1,1,1
41,0,1,2,4,408,1280,0.4,1,1,2
41,0,1,2,4,408,1280,0.1,0,0,0
41,0,1,2,4,408,1280,0.2,1,1,1
41,0,1,2,4,408,1280,0.0,1,1,2
41,0,1,2,4,408,1280,0.0,0,0,0
41,0,1,2,4,408,1280,0.2,1,1,1
41,0,1,2,4,408,1280,0.0,0,0,0
41,0,1,2,4,408,1280,0.0,0,0,0
41,0,1,2,4,408,1280,0.0,0,0,0
41,0,1,2,4,408,1280,0.0,0,0,0
41,0,1,2,4,408,1280,0.4,1,1,1
41,0,1,2,4,408,1280,0.0,0,0,0
41,0,1,2,4,408,1280,0.0,1,1,2
41,0,1,2,4,408,1280,0.1,1,1,2
41,0,1,2,4,408,1280,0.3,0,0,0
41,0,1,2,4,408,1280,0.0,0,0,0
41,0,1,2,4,408,1280,0.3,1,1,1
41,0,1,2,4,408,1280,0.1,1,1,1
11,0,1,3,2,341,150,0.0,1,1,1
11,0,1,3,2,341,150,0.3,0,0,0
11,0,1,3,2,341,150,0.2,1,1,4
43,0,1,1,3,435,429,0.4,0,0,0
43,0,1,1,3,435,429,0.3,1,1,2
43,0,1,1,3,435,429,0.0,1,1,1
43,0,1,1,3,435,429,0.2,1,1,1
43,0,1,1,3,435,429,0.1,1,1,3
43,0,1,1,3,435,429,0.2,0,0,0
43,0,1,1,3,435,429,0.2,1,1,1
43,0,1,1,3,435,429,0.6,1,1,1
43,0,1,1,3,435,429,0.4,1,1,3
6,0,1,1,2,341,240,0.3,1,1,2
6,0,1,1,2,341,240,0.3,1,1,1
6,0,1,1,2,341,240,0.2,0,0,0
6,0,1,1,2,341,240,0.4,1,1,2
6,0,1,1,2,341,240,0.4,1,1,2
45,0,1,2,3,435,409,0.1,0,0,0
45,0,1,2,3,435,409,0.1,1,1,2
45,0,1,2,3,435,409,0.6,1,1,5
5,0,1,2,4,408,542,0.1,1,1,5
5,0,1,2,4,408,542,0.0,1,1,2
5,0,1,2,4,408,542,0.1,0,0,0
5,0,1,2,4,408,542,0.2,1,1,2
5,0,1,2,4,408,542,0.0,0,0,0
5,0,1,2,4,408,542,0.0,0,0,0
5,0,1,2,4,408,542,0.0,0,0,0
5,0,1,2,4,408,542,0.0,0,0,0
5,0,1,2,4,408,542,0.1,1,1,1
5,0,1,2,4,408,542,0.3,1,1,1
5,0,1,2,4,408,542,0.7,1,1,3
10,0,1,3,3,435,218,0.1,1,1,5
46,0,1,4,1,347,269,0.1,1,1,2
46,0,1,4,1,347,269,0.1,0,0,0
46,0,1,4,1,347,269,0.3,1,1,1
46,0,1,4,1,347,269,0.0,0,0,0
46,0,1,4,1,347,269,0.0,0,0,0
46,0,1,4,1,347,269,0.0,1,1,1
46,0,1,4,1,347,269,0.2,1,1,3
32,0,1,2,3,435,288,0.2,1,1,9
40,0,1,2,1,347,342,0.0,1,1,1
40,0,1,2,1,347,342,0.0,0,0,0
40,0,1,2,1,347,342,0.0,0,0,0
40,0,1,2,1,347,342,0.0,1,1,1
40,0,1,2,1,347,342,0.1,1,1,2
40,0,1,2,1,347,342,0.0,1,1,1
40,0,1,2,1,347,342,0.1,0,0,0
40,0,1,2,1,347,342,0.5,1,1,1
17,0,1,1,3,435,766,0.2,1,1,6
17,0,1,1,3,435,766,0.2,1,1,2
17,0,1,1,3,435,766,0.1,0,0,0
17,0,1,1,3,435,766,0.3,1,1,2
17,0,1,1,3,435,766,0.5,1,1,4
17,0,1,1,3,435,766,0.1,1,1,1
17,0,1,1,3,435,766,0.5,1,1,1
17,0,1,2,2,341,377,0.3,0,0,0
17,0,1,2,2,341,377,0.0,1,1,2
17,0,1,2,2,341,377,0.1,1,1,3
17,0,1,2,2,341,377,0.0,1,1,1
17,0,1,2,2,341,377,0.0,1,1,2
17,0,1,2,2,341,377,0.3,1,1,1
22,0,1,2,1,347,261,0.2,1,1,4
22,0,1,2,1,347,261,0.4,1,1,8
14,0,1,3,4,408,388,0.0,0,0,0
14,0,1,3,4,408,388,0.0,0,0,0
14,0,1,3,4,408,388,0.8,0,0,0
14,0,1,3,4,408,388,0.7,1,1,1
14,0,1,3,4,408,388,0.1,1,1,1
14,0,1,3,4,408,388,0.0,0,0,0
14,0,1,3,4,408,388,0.0,0,0,0
14,0,1,3,4,408,388,0.0,1,1,1
14,0,1,3,4,408,388,0.2,1,1,7
14,0,1,3,4,408,388,0.6,1,1,3
12,0,1,4,2,341,318,0.1,1,1,1
12,0,1,4,2,341,318,0.2,1,1,4
46,0,1,2,3,435,305,0.0,0,0,0
46,0,1,2,3,435,305,0.1,1,1,1
46,0,1,2,3,435,305,0.5,1,1,7
46,0,1,2,3,435,305,0.1,0,0,0
23,0,1,2,2,341,474,0.2,1,1,11
23,0,1,2,2,341,474,0.0,0,0,0
23,0,1,2,2,341,474,0.0,0,0,0
23,0,1,2,2,341,474,0.3,1,1,1
23,0,1,2,2,341,474,0.0,1,1,4
39,0,1,1,1,347,308,0.7,0,0,0
39,0,1,1,1,347,308,0.0,0,0,0
39,0,1,1,1,347,308,0.0,0,0,0
39,0,1,1,1,347,308,0.0,0,0,0
39,0,1,1,1,347,308,0.7,1,1,1
39,0,1,1,1,347,308,0.5,0,0,0
39,0,1,1,1,347,308,0.5,1,1,10
7,0,1,2,4,408,245,0.2,1,1,6
3,0,1,3,1,347,296,0.6,1,1,1
3,0,1,3,1,347,296,0.4,1,1,11
27,0,1,1,3,435,201,0.1,1,1,6
4,0,1,1,4,408,657,0.1,1,1,4
4,0,1,1,4,408,657,0.7,1,1,5
4,0,1,1,4,408,657,0.2,1,1,1
4,0,1,1,4,408,657,0.4,1,1,6
4,0,1,1,4,408,657,0.6,1,1,2
7,0,1,3,3,435,168,0.8,0,0,0
7,0,1,3,3,435,168,0.8,1,1,5
9,0,1,3,1,347,564,0.4,1,1,7
9,0,1,3,1,347,564,0.4,1,1,2
24,0,1,3,1,347,192,0.0,0,0,0
24,0,1,3,1,347,192,0.0,0,0,0
24,0,1,3,1,347,192,0.5,0,0,0
24,0,1,3,1,347,192,0.0,0,0,0
24,0,1,3,1,347,192,0.5,1,1,6
36,0,1,3,3,435,490,0.0,1,1,1
36,0,1,3,3,435,490,0.3,1,1,1
36,0,1,3,3,435,490,0.1,1,1,2
36,0,1,3,3,435,490,0.3,1,1,3
36,0,1,3,3,435,490,0.8,1,1,1
8,0,1,2,3,435,174,0.2,1,1,3
8,0,1,2,3,435,174,0.2,1,1,2
21,0,1,1,1,347,223,0.1,1,1,1
21,0,1,1,1,347,223,0.2,1,1,3
21,0,1,1,1,347,223,0.1,1,1,3
21,0,1,1,1,347,223,0.1,0,0,0
21,0,1,1,1,347,223,0.1,1,1,1
4,0,1,2,2,341,510,0.0,0,0,0
4,0,1,2,2,341,510,0.0,0,0,0
4,0,1,2,2,341,510,0.0,0,0,0
4,0,1,2,2,341,510,0.0,0,0,0
4,0,1,2,2,341,510,0.0,0,0,0
4,0,1,2,2,341,510,0.0,1,1,2
4,0,1,2,2,341,510,0.0,1,1,1
4,0,1,2,2,341,510,0.0,1,1,1
4,0,1,2,2,341,510,0.2,0,0,0
4,0,1,2,2,341,510,0.3,1,1,24
30,0,1,1,3,435,243,0.4,1,1,5
30,0,1,1,3,435,243,0.0,0,0,0
30,0,1,1,3,435,243,0.5,1,1,4
50,0,1,4,4,408,405,0.0,1,1,2
50,0,1,4,4,408,405,0.0,1,1,12
50,0,1,4,4,408,405,0.0,0,0,0
36,0,1,4,2,341,101,0.3,1,1,2
36,0,1,4,2,341,101,0.2,1,1,2
45,0,1,4,1,347,349,0.3,1,1,9
11,0,1,1,4,408,121,0.0,0,0,0
11,0,1,1,4,408,121,0.8,1,1,5
27,0,1,4,1,347,225,0.0,0,0,0
27,0,1,4,1,347,225,0.2,1,1,1
27,0,1,4,1,347,225,0.0,1,1,1
27,0,1,4,1,347,225,0.0,0,0,0
27,0,1,4,1,347,225,0.1,1,1,1
27,0,1,4,1,347,225,0.0,0,0,0
27,0,1,4,1,347,225,0.0,0,0,0
27,0,1,4,1,347,225,0.0,0,0,0
27,0,1,4,1,347,225,0.1,1,1,1
27,0,1,4,1,347,225,0.0,0,0,0
27,0,1,4,1,347,225,0.0,0,0,0
27,0,1,4,1,347,225,0.2,1,1,1
31,0,1,4,2,341,131,0.4,1,1,4
13,0,1,2,4,408,150,0.0,1,1,2
13,0,1,2,4,408,150,0.5,1,1,4
18,0,1,1,1,347,244,0.5,1,1,7
34,0,1,4,2,341,232,0.2,1,1,4
34,0,1,4,2,341,232,0.1,1,1,1
34,0,1,4,2,341,232,0.2,0,0,0
34,0,1,4,2,341,232,0.0,0,0,0
34,0,1,4,2,341,232,0.0,1,1,1
0,0,1,2,4,408,579,0.1,1,1,6
0,0,1,2,4,408,579,0.2,1,1,3
0,0,1,2,4,408,579,0.2,1,1,4
48,0,1,3,3,435,611,0.3,1,1,4
48,0,1,3,3,435,611,0.2,1,1,8
48,0,1,3,3,435,611,0.5,1,1,2
15,0,1,1,4,408,480,0.0,0,0,0
15,0,1,1,4,408,480,0.2,1,1,1
15,0,1,1,4,408,480,0.1,1,1,1
15,0,1,1,4,408,480,0.2,1,1,2
15,0,1,1,4,408,480,0.0,1,1,1
15,0,1,1,4,408,480,0.0,1,1,1
15,0,1,1,4,408,480,0.0,0,0,0
15,0,1,1,4,408,480,0.0,0,0,0
15,0,1,1,4,408,480,0.1,0,0,0
15,0,1,1,4,408,480,0.0,1,1,1
15,0,1,1,4,408,480,0.0,0,0,0
15,0,1,1,4,408,480,0.4,1,1,1
15,0,1,1,4,408,480,0.0,0,0,0
15,0,1,1,4,408,480,0.1,1,1,1
15,0,1,1,4,408,480,0.4,1,1,4
16,0,1,1,2,341,311,0.6,1,1,2
16,0,1,1,2,341,311,0.0,1,1,1
16,0,1,1,2,341,311,0.6,1,1,6
26,0,1,2,3,435,609,0.5,1,1,9
26,0,1,2,3,435,609,0.5,1,1,2
38,0,1,2,2,341,359,0.2,1,1,1
38,0,1,2,2,341,359,0.2,0,0,0
38,0,1,2,2,341,359,0.2,1,1,1
38,0,1,2,2,341,359,0.1,1,1,3
43,0,1,4,2,341,528,0.1,0,0,0
43,0,1,4,2,341,528,0.0,1,1,2
43,0,1,4,2,341,528,0.0,0,0,0
43,0,1,4,2,341,528,0.1,1,1,3
43,0,1,4,2,341,528,0.0,0,0,0
43,0,1,4,2,341,528,0.1,0,0,0
43,0,1,4,2,341,528,0.1,1,1,3
43,0,1,4,2,341,528,0.2,1,1,2
43,0,1,4,2,341,528,0.0,0,0,0
43,0,1,4,2,341,528,0.0,1,1,1
43,0,1,4,2,341,528,0.0,1,1,1
48,0,1,4,2,341,667,0.2,0,0,0
48,0,1,4,2,341,667,0.3,0,0,0
48,0,1,4,2,341,667,0.2,1,1,1
48,0,1,4,2,341,667,0.1,1,1,1
48,0,1,4,2,341,667,0.0,1,1,1
48,0,1,4,2,341,667,0.1,1,1,5
6,0,1,3,1,347,332,0.0,0,0,0
6,0,1,3,1,347,332,0.0,0,0,0
6,0,1,3,1,347,332,0.0,0,0,0
6,0,1,3,1,347,332,0.0,1,1,1
6,0,1,3,1,347,332,0.1,0,0,0
6,0,1,3,1,347,332,0.3,1,1,6
6,0,1,3,1,347,332,0.2,1,1,3
11,0,1,2,3,435,106,0.0,0,0,0
11,0,1,2,3,435,106,0.3,1,1,5
15,0,1,3,1,347,276,0.0,0,0,0
15,0,1,3,1,347,276,0.3,1,1,1
15,0,1,3,1,347,276,0.1,0,0,0
15,0,1,3,1,347,276,0.0,0,0,0
15,0,1,3,1,347,276,0.5,1,1,2
15,0,1,3,1,347,276,0.0,1,1,1
15,0,1,3,1,347,276,0.1,1,1,9
15,0,1,3,1,347,276,0.2,1,1,1
48,0,1,2,1,347,547,0.3,1,1,2
48,0,1,2,1,347,547,0.6,1,1,6
28,0,1,3,2,341,519,0.0,0,0,0
28,0,1,3,2,341,519,0.0,1,1,1
28,0,1,3,2,341,519,0.1,0,0,0
28,0,1,3,2,341,519,0.2,1,1,5
28,0,1,3,2,341,519,0.0,1,1,4
36,0,1,1,4,408,406,0.1,1,1,3
36,0,1,1,4,408,406,0.1,0,0,0
36,0,1,1,4,408,406,0.0,1,1,1
36,0,1,1,4,408,406,0.1,1,1,5
36,0,1,1,4,408,406,0.0,1,1,1
36,0,1,1,4,408,406,0.7,1,1,1
44,0,1,4,1,347,289,0.0,0,0,0
44,0,1,4,1,347,289,0.1,0,0,0
44,0,1,4,1,347,289,0.3,1,1,2
44,0,1,4,1,347,289,0.0,0,0,0
44,0,1,4,1,347,289,0.1,0,0,0
44,0,1,4,1,347,289,0.1,0,0,0
44,0,1,4,1,347,289,0.0,0,0,0
44,0,1,4,1,347,289,0.6,1,1,5
39,0,1,2,3,435,151,0.1,0,0,0
39,0,1,2,3,435,151,0.0,0,0,0
39,0,1,2,3,435,151,0.0,1,1,4
35,0,1,4,3,435,869,0.1,0,0,0
35,0,1,4,3,435,869,0.1,0,0,0
35,0,1,4,3,435,869,0.1,1,1,2
35,0,1,4,3,435,869,0.1,1,1,2
35,0,1,4,3,435,869,0.1,1,1,2
35,0,1,4,3,435,869,0.1,1,1,2
35,0,1,4,3,435,869,0.0,1,1,1
35,0,1,4,3,435,869,0.0,0,0,0
35,0,1,4,3,435,869,0.3,1,1,5
35,0,1,4,3,435,869,0.0,0,0,0
35,0,1,4,3,435,869,0.4,0,0,0
35,0,1,4,3,435,869,0.0,1,1,2
35,0,1,4,3,435,869,0.2,1,1,2
35,0,1,4,3,435,869,0.2,1,1,1
49,0,1,4,4,408,162,0.4,1,1,1
49,0,1,4,4,408,162,0.7,1,1,7
3,0,1,2,3,435,273,0.1,1,1,1
3,0,1,2,3,435,273,0.0,0,0,0
3,0,1,2,3,435,273,0.0,0,0,0
3,0,1,2,3,435,273,0.4,1,1,7
37,0,1,4,1,347,328,0.2,1,1,2
37,0,1,4,1,347,328,0.0,0,0,0
37,0,1,4,1,347,328,0.0,0,0,0
37,0,1,4,1,347,328,0.3,1,1,3
37,0,1,4,1,347,328,0.4,1,1,1
2,0,1,4,2,341,139,0.2,1,1,6
33,0,1,4,2,341,362,0.4,1,1,2
33,0,1,4,2,341,362,0.4,1,1,1
33,0,1,4,2,341,362,0.3,1,1,1
33,0,1,4,2,341,362,0.4,1,1,2
33,0,1,4,2,341,362,0.1,1,1,1
33,0,1,4,2,341,362,0.0,1,1,7
40,0,1,1,3,435,217,0.0,0,0,0
40,0,1,1,3,435,217,0.1,1,1,1
40,0,1,1,3,435,217,0.0,0,0,0
40,0,1,1,3,435,217,0.0,0,0,0
40,0,1,1,3,435,217,0.1,1,1,1
40,0,1,1,3,435,217,0.3,1,1,1
40,0,1,1,3,435,217,0.1,1,1,1
40,0,1,1,3,435,217,0.6,1,1,2
47,0,1,1,1,347,249,0.0,0,0,0
47,0,1,1,1,347,249,0.1,1,1,6
47,0,1,1,1,347,249,0.1,1,1,1
47,0,1,1,1,347,249,0.0,1,1,2
20,0,1,1,1,347,180,0.6,1,1,7
12,0,1,2,4,408,331,0.4,1,1,8
46,0,1,1,2,341,320,0.0,0,0,0
46,0,1,1,2,341,320,0.3,1,1,3
46,0,1,1,2,341,320,0.2,1,1,2
46,0,1,1,2,341,320,0.7,1,1,4
46,0,1,1,2,341,320,0.4,1,1,4
15,0,1,4,2,341,495,0.0,0,0,0
15,0,1,4,2,341,495,0.2,0,0,0
15,0,1,4,2,341,495,0.0,1,1,1
15,0,1,4,2,341,495,0.0,1,1,1
15,0,1,4,2,341,495,0.0,1,1,1
15,0,1,4,2,341,495,0.2,1,1,3
15,0,1,4,2,341,495,0.0,0,0,0
15,0,1,4,2,341,495,0.0,0,0,0
15,0,1,4,2,341,495,0.2,0,0,0
15,0,1,4,2,341,495,0.2,0,0,0
15,0,1,4,2,341,495,0.2,0,0,0
15,0,1,4,2,341,495,0.2,0,0,0
15,0,1,4,2,341,495,0.2,1,1,2
15,0,1,4,2,341,495,0.1,0,0,0
15,0,1,4,2,341,495,0.2,0,0,0
15,0,1,4,2,341,495,0.1,0,0,0
15,0,1,4,2,341,495,0.2,1,1,2
15,0,1,4,2,341,495,0.2,1,1,2
15,0,1,4,2,341,495,0.0,0,0,0
15,0,1,4,2,341,495,0.0,1,1,1
15,0,1,4,2,341,495,0.0,0,0,0
15,0,1,4,2,341,495,0.0,0,0,0
33,0,1,2,3,435,179,0.4,1,1,7
41,0,1,4,1,347,989,0.2,0,0,0
41,0,1,4,1,347,989,0.2,1,1,1
41,0,1,4,1,347,989,0.4,1,1,1
41,0,1,4,1,347,989,0.1,1,1,1
41,0,1,4,1,347,989,0.5,1,1,1
41,0,1,4,1,347,989,0.4,1,1,2
41,0,1,4,1,347,989,0.1,0,0,0
41,0,1,4,1,347,989,0.3,1,1,3
41,0,1,4,1,347,989,0.4,1,1,2
41,0,1,4,1,347,989,0.6,1,1,2
37,0,1,2,2,341,605,0.1,1,1,3
37,0,1,2,2,341,605,0.1,1,1,1
37,0,1,2,2,341,605,0.2,0,0,0
37,0,1,2,2,341,605,0.1,1,1,1
37,0,1,2,2,341,605,0.1,1,1,3
37,0,1,2,2,341,605,0.2,1,1,3
37,0,1,2,2,341,605,0.2,1,1,2
37,0,1,2,2,341,605,0.3,1,1,4
37,0,1,2,2,341,605,0.1,1,1,3
40,0,1,3,2,341,342,0.1,0,0,0
40,0,1,3,2,341,342,0.1,0,0,0
40,0,1,3,2,341,342,0.0,0,0,0
40,0,1,3,2,341,342,0.0,0,0,0
40,0,1,3,2,341,342,0.2,1,1,1
40,0,1,3,2,341,342,0.5,1,1,1
40,0,1,3,2,341,342,0.0,1,1,1
40,0,1,3,2,341,342,0.0,0,0,0
40,0,1,3,2,341,342,0.0,0,0,0
40,0,1,3,2,341,342,0.0,1,1,1
40,0,1,3,2,341,342,0.0,1,1,1
40,0,1,3,2,341,342,0.0,0,0,0
33,0,1,3,4,408,172,0.9,1,1,8
30,0,1,4,1,347,515,0.6,1,1,9
30,0,1,4,1,347,515,0.2,1,1,2
30,0,1,4,1,347,515,0.4,0,0,0
30,0,1,4,1,347,515,0.5,1,1,4
16,0,1,3,4,408,212,0.0,0,0,0
16,0,1,3,4,408,212,0.6,1,1,8
5,0,1,3,1,347,276,0.0,0,0,0
5,0,1,3,1,347,276,0.1,0,0,0
5,0,1,3,1,347,276,0.9,1,1,12
8,0,1,4,2,341,132,0.0,0,0,0
8,0,1,4,2,341,132,0.0,1,1,1
8,0,1,4,2,341,132,0.2,1,1,4
6,0,1,4,4,408,258,0.1,1,1,8
25,0,1,3,4,408,144,0.9,1,1,7
12,0,1,1,3,435,338,0.0,0,0,0
12,0,1,1,3,435,338,0.0,1,1,2
12,0,1,1,3,435,338,0.4,1,1,6
34,0,1,2,3,435,191,0.2,1,1,4
34,0,1,2,3,435,191,0.1,1,1,2
5,0,1,1,3,435,511,0.3,1,1,10
5,0,1,1,3,435,511,0.0,0,0,0
5,0,1,1,3,435,511,0.0,1,1,6
16,0,1,4,3,435,345,0.2,1,1,4
16,0,1,4,3,435,345,0.2,1,1,3
16,0,1,4,3,435,345,0.0,0,0,0
16,0,1,4,3,435,345,0.3,1,1,6
1,0,1,4,1,347,395,0.0,0,0,0
1,0,1,4,1,347,395,0.3,1,1,3
1,0,1,4,1,347,395,0.3,1,1,1
1,0,1,4,1,347,395,0.4,1,1,3
1,0,1,4,1,347,395,0.2,1,1,3
26,0,1,3,2,341,1785,0.1,0,0,0
26,0,1,3,2,341,1785,0.1,0,0,0
26,0,1,3,2,341,1785,0.0,0,0,0
26,0,1,3,2,341,1785,0.0,0,0,0
26,0,1,3,2,341,1785,0.2,0,0,0
26,0,1,3,2,341,1785,0.0,0,0,0
26,0,1,3,2,341,1785,0.0,0,0,0
26,0,1,3,2,341,1785,0.0,0,0,0
26,0,1,3,2,341,1785,0.1,0,0,0
26,0,1,3,2,341,1785,0.5,0,0,0
26,0,1,3,2,341,1785,0.0,0,0,0
26,0,1,3,2,341,1785,0.1,0,0,0
26,0,1,3,2,341,1785,0.8,1,1,1
26,0,1,3,2,341,1785,0.1,1,1,1
26,0,1,3,2,341,1785,0.1,0,0,0
26,0,1,3,2,341,1785,0.1,0,0,0
26,0,1,3,2,341,1785,0.0,0,0,0
26,0,1,3,2,341,1785,0.0,0,0,0
26,0,1,3,2,341,1785,0.0,0,0,0
26,0,1,3,2,341,1785,0.0,0,0,0
26,0,1,3,2,341,1785,0.0,0,0,0
26,0,1,3,2,341,1785,0.0,0,0,0
26,0,1,3,2,341,1785,0.1,1,1,1
26,0,1,3,2,341,1785,0.0,0,0,0
26,0,1,3,2,341,1785,0.5,0,0,0
26,0,1,3,2,341,1785,0.1,0,0,0
26,0,1,3,2,341,1785,0.0,0,0,0
26,0,1,3,2,341,1785,0.1,0,0,0
26,0,1,3,2,341,1785,0.0,1,1,1
26,0,1,3,2,341,1785,0.1,0,0,0
26,0,1,3,2,341,1785,0.2,0,0,0
26,0,1,3,2,341,1785,0.5,1,1,6
49,0,1,1,2,341,203,0.5,1,1,2
49,0,1,1,2,341,203,0.5,1,1,4
49,0,1,1,2,341,203,0.3,1,1,2
31,0,1,1,1,347,194,0.2,1,1,2
31,0,1,1,1,347,194,0.0,0,0,0
31,0,1,1,1,347,194,0.1,1,1,1
31,0,1,1,1,347,194,0.0,0,0,0
31,0,1,1,1,347,194,0.5,1,1,2
0,0,1,1,1,347,741,0.0,0,0,0
0,0,1,1,1,347,741,0.1,0,0,0
0,0,1,1,1,347,741,0.0,0,0,0
0,0,1,1,1,347,741,0.0,1,1,4
0,0,1,1,1,347,741,0.0,1,1,2
0,0,1,1,1,347,741,0.0,0,0,0
0,0,1,1,1,347,741,0.0,1,1,1
0,0,1,1,1,347,741,0.1,0,0,0
0,0,1,1,1,347,741,0.0,1,1,1
0,0,1,1,1,347,741,0.0,0,0,0
0,0,1,1,1,347,741,0.0,0,0,0
0,0,1,1,1,347,741,0.4,1,1,5
49,0,1,3,3,435,163,0.3,0,0,0
49,0,1,3,3,435,163,0.3,0,0,0
49,0,1,3,3,435,163,0.3,1,1,2
49,0,1,3,3,435,163,0.7,1,1,5
50,0,1,1,3,435,356,0.3,1,1,17
48,0,1,1,4,408,306,0.3,1,1,1
48,0,1,1,4,408,306,0.6,1,1,4
48,0,1,1,4,408,306,0.2,1,1,2
13,0,1,1,3,435,487,0.3,1,1,1
13,0,1,1,3,435,487,0.0,0,0,0
13,0,1,1,3,435,487,0.8,1,1,6
13,0,1,1,3,435,487,0.5,1,1,2
13,0,1,1,3,435,487,0.7,0,0,0
22,0,1,3,2,341,687,0.4,1,1,3
22,0,1,3,2,341,687,0.1,1,1,2
22,0,1,3,2,341,687,0.1,1,1,3
22,0,1,3,2,341,687,0.3,1,1,3
22,0,1,3,2,341,687,0.3,0,0,0
22,0,1,3,2,341,687,0.0,0,0,0
22,0,1,3,2,341,687,0.3,1,1,3
22,0,1,3,2,341,687,0.3,1,1,2
22,0,1,3,2,341,687,0.0,1,1,1
22,0,1,3,2,341,687,0.1,0,0,0
22,0,1,3,2,341,687,0.1,1,1,1
22,0,1,3,2,341,687,0.1,1,1,4
1,0,1,2,3,435,406,0.3,1,1,2
1,0,1,2,3,435,406,0.4,1,1,3
1,0,1,2,3,435,406,0.0,0,0,0
1,0,1,2,3,435,406,0.1,1,1,1
1,0,1,2,3,435,406,0.5,1,1,2
37,0,1,1,3,435,112,0.3,1,1,5
29,0,1,2,2,341,145,0.2,1,1,3
29,0,1,2,2,341,145,0.0,0,0,0
29,0,1,2,2,341,145,0.1,1,1,2
43,0,1,2,1,347,344,0.0,0,0,0
43,0,1,2,1,347,344,0.2,0,0,0
43,0,1,2,1,347,344,0.5,1,1,1
43,0,1,2,1,347,344,0.1,1,1,1
43,0,1,2,1,347,344,0.8,1,1,2
43,0,1,2,1,347,344,0.0,1,1,1
43,0,1,2,1,347,344,0.6,1,1,2
43,0,1,2,1,347,344,0.1,1,1,2
4,0,1,4,3,435,723,0.7,1,1,5
4,0,1,4,3,435,723,0.0,1,1,2
4,0,1,4,3,435,723,0.1,0,0,0
4,0,1,4,3,435,723,0.0,1,1,3
4,0,1,4,3,435,723,0.0,0,0,0
4,0,1,4,3,435,723,0.2,0,0,0
4,0,1,4,3,435,723,0.1,0,0,0
32,0,1,3,1,347,138,0.1,1,1,4
10,0,1,4,1,347,259,0.0,0,0,0
10,0,1,4,1,347,259,0.0,1,1,1
10,0,1,4,1,347,259,0.2,1,1,4
20,0,1,2,2,341,248,0.0,0,0,0
20,0,1,2,2,341,248,0.2,1,1,4
20,0,1,2,2,341,248,0.0,0,0,0
20,0,1,2,2,341,248,0.2,1,1,3
34,0,1,3,4,408,321,0.9,1,1,7
34,0,1,3,4,408,321,0.6,1,1,4
29,0,1,3,1,347,361,0.7,1,1,1
29,0,1,3,1,347,361,0.1,0,0,0
29,0,1,3,1,347,361,0.5,1,1,3
29,0,1,3,1,347,361,0.0,0,0,0
29,0,1,3,1,347,361,0.5,0,0,0
29,0,1,3,1,347,361,0.4,1,1,5
47,0,1,4,4,408,460,0.2,1,1,5
47,0,1,4,4,408,460,0.0,1,1,2
30,0,1,3,4,408,312,0.6,1,1,6
30,0,1,3,4,408,312,0.7,1,1,4
39,0,1,3,2,341,191,0.0,1,1,1
39,0,1,3,2,341,191,0.0,0,0,0
39,0,1,3,2,341,191,0.0,0,0,0
39,0,1,3,2,341,191,0.0,0,0,0
39,0,1,3,2,341,191,0.0,0,0,0
39,0,1,3,2,341,191,0.0,0,0,0
39,0,1,3,2,341,191,0.0,0,0,0
39,0,1,3,2,341,191,0.0,0,0,0
39,0,1,3,2,341,191,0.0,1,1,3
19,0,1,3,4,408,192,0.0,0,0,0
19,0,1,3,4,408,192,0.9,1,1,5
19,0,1,3,4,408,192,0.6,1,1,1
9,0,1,2,2,341,274,0.4,0,0,0
9,0,1,2,2,341,274,0.1,1,1,1
9,0,1,2,2,341,274,0.1,1,1,1
9,0,1,2,2,341,274,0.4,1,1,1
9,0,1,2,2,341,274,0.4,1,1,4
10,0,1,1,4,408,192,0.2,0,0,0
10,0,1,1,4,408,192,0.7,1,1,4
10,0,1,1,4,408,192,0.7,1,1,1
21,0,1,2,4,408,274,0.4,0,0,0
21,0,1,2,4,408,274,0.4,1,1,2
21,0,1,2,4,408,274,0.6,0,0,0
21,0,1,2,4,408,274,0.6,1,1,5
16,0,1,2,1,347,229,0.0,0,0,0
16,0,1,2,1,347,229,0.1,1,1,9
0,0,1,3,3,435,622,0.3,0,0,0
0,0,1,3,3,435,622,0.8,1,1,11
0,0,1,4,2,341,368,0.3,1,1,8
23,0,1,4,4,408,408,0.0,0,0,0
23,0,1,4,4,408,408,0.3,0,0,0
23,0,1,4,4,408,408,0.0,1,1,10
30,0,1,2,2,341,326,0.2,1,1,1
30,0,1,2,2,341,326,0.2,1,1,5
30,0,1,2,2,341,326,0.2,1,1,3
23,0,1,1,1,347,301,0.0,0,0,0
23,0,1,1,1,347,301,0.0,1,1,8
23,0,1,1,1,347,301,0.0,0,0,0
23,0,1,1,1,347,301,0.2,1,1,2
45,0,1,3,4,408,490,0.3,0,0,0
45,0,1,3,4,408,490,0.4,1,1,1
45,0,1,3,4,408,490,0.0,0,0,0
45,0,1,3,4,408,490,0.2,1,1,9
17,0,1,4,4,408,262,0.0,0,0,0
17,0,1,4,4,408,262,0.2,1,1,7
26,0,1,1,1,347,1010,0.7,1,1,1
26,0,1,1,1,347,1010,0.0,0,0,0
26,0,1,1,1,347,1010,0.3,0,0,0
26,0,1,1,1,347,1010,0.3,0,0,0
26,0,1,1,1,347,1010,0.5,1,1,1
26,0,1,1,1,347,1010,0.0,0,0,0
26,0,1,1,1,347,1010,0.0,0,0,0
26,0,1,1,1,347,1010,0.3,1,1,1
26,0,1,1,1,347,1010,0.0,0,0,0
26,0,1,1,1,347,1010,0.2,0,0,0
26,0,1,1,1,347,1010,0.3,1,1,1
26,0,1,1,1,347,1010,0.0,0,0,0
26,0,1,1,1,347,1010,0.0,0,0,0
26,0,1,1,1,347,1010,0.4,0,0,0
26,0,1,1,1,347,1010,0.1,1,1,2
26,0,1,1,1,347,1010,0.7,0,0,0
26,0,1,1,1,347,1010,0.7,1,1,1
26,0,1,1,1,347,1010,0.5,0,0,0
26,0,1,1,1,347,1010,0.0,0,0,0
26,0,1,1,1,347,1010,0.1,0,0,0
26,0,1,1,1,347,1010,0.1,0,0,0
26,0,1,1,1,347,1010,0.5,1,1,1
50,0,1,3,2,341,521,0.0,0,0,0
50,0,1,3,2,341,521,0.0,0,0,0
50,0,1,3,2,341,521,0.0,0,0,0
50,0,1,3,2,341,521,0.0,0,0,0
50,0,1,3,2,341,521,0.0,0,0,0
50,0,1,3,2,341,521,0.0,0,0,0
50,0,1,3,2,341,521,0.4,1,1,4
50,0,1,3,2,341,521,0.2,1,1,2
50,0,1,3,2,341,521,0.4,1,1,1
50,0,1,3,2,341,521,0.3,1,1,4
50,0,1,3,2,341,521,0.6,1,1,4
21,0,1,3,3,435,152,0.7,1,1,5
45,0,1,1,2,341,294,0.3,1,1,3
45,0,1,1,2,341,294,0.3,1,1,1
45,0,1,1,2,341,294,0.3,0,0,0
17,0,1,3,1,347,286,0.6,1,1,4
17,0,1,3,1,347,286,0.0,0,0,0
17,0,1,3,1,347,286,0.3,1,1,2
17,0,1,3,1,347,286,0.4,1,1,1
2,0,1,3,4,408,204,0.4,1,1,3
2,0,1,3,4,408,204,0.7,1,1,5
8,0,1,1,4,408,268,0.3,1,1,3
8,0,1,1,4,408,268,0.1,1,1,2
8,0,1,1,4,408,268,0.0,0,0,0
8,0,1,1,4,408,268,0.4,1,1,1
8,0,1,1,4,408,268,0.8,1,1,1
29,0,1,4,4,408,172,0.8,1,1,6
29,0,1,1,3,435,129,0.3,1,1,2
29,0,1,1,3,435,129,0.1,1,1,3
41,0,1,3,3,435,270,0.5,1,1,5
46,0,1,3,4,408,180,0.4,1,1,8
34,0,1,1,1,347,318,0.3,1,1,8
34,0,1,1,1,347,318,0.2,1,1,4
7,0,1,4,1,347,293,0.2,1,1,8
33,0,1,1,1,347,192,0.0,1,1,1
33,0,1,1,1,347,192,0.0,1,1,4
47,0,1,3,3,435,311,0.3,0,0,0
47,0,1,3,3,435,311,0.0,0,0,0
47,0,1,3,3,435,311,0.1,1,1,3
47,0,1,3,3,435,311,0.1,1,1,2
47,0,1,3,3,435,311,0.0,1,1,2
47,0,1,3,3,435,311,0.2,1,1,1
47,0,1,3,3,435,311,0.1,1,1,1
47,0,1,3,3,435,311,0.0,0,0,0
47,0,1,3,3,435,311,0.0,0,0,0
47,0,1,3,3,435,311,0.6,1,1,1
49,0,1,2,1,347,171,0.2,1,1,10
13,0,1,4,1,347,270,0.0,1,1,2
13,0,1,4,1,347,270,0.0,1,1,1
13,0,1,4,1,347,270,0.6,1,1,3
13,0,1,4,1,347,270,0.4,1,1,2
15,0,1,2,3,435,300,0.1,1,1,2
15,0,1,2,3,435,300,0.0,1,1,1
15,0,1,2,3,435,300,0.0,1,1,1
15,0,1,2,3,435,300,0.2,1,1,1
15,0,1,2,3,435,300,0.1,1,1,1
15,0,1,2,3,435,300,0.2,1,1,5
15,0,1,2,3,435,300,0.3,1,1,1
