user,interface,snippet_len,order,topic,query_count,pages,pages_per_query,doc_count,doc_count_per_query,doc_depth_per_query,doc_rel_count,doc_rel_depth_per_query,doc_rel_depth_per_serp,hover_count_per_query,hover_depth_per_query,hover_trec_rel_count,hover_trec_nonrel_count,rels_found,nrels_found,clicked_rel,clicked_nrel,abandoned_serps,query_time,serp_time,doc_time,mark_time,mark_time_limited,serp_examination_time,serp_examination_time_limited,time_per_query,time_per_doc,time_per_serp,time_per_snippet,time_per_mark,time_per_mark_limited,time_per_serp_examination,time_per_serp_examination_limited,pmr,pmn,pcr,pcn
19,4,4,4,408,1.00,2.00,2.00,6.00,6.00,9.00,4.00,9.00,4.50,51.00,15.00,9.00,6.00,3.00,1.00,3.00,3.00,0,3.98,155.42,198.43,91.75,2.73,85.00,7.49,3.98,33.07,77.71,3.05,22.94,0.68,42.50,3.75,1.00,0.33,0.33,0.50
19,2,0,1,347,2.00,3.00,1.50,5.00,2.50,15.00,3.00,15.00,10.00,22.50,15.00,10.00,20.00,2.00,1.00,3.00,2.00,1,10.52,165.71,176.16,6.68,6.68,135.29,9.37,5.26,35.23,55.24,3.68,2.23,2.23,45.10,3.12,0.67,0.50,0.30,0.10
19,1,2,2,341,1.00,3.00,3.00,3.00,3.00,26.00,3.00,26.00,8.67,41.00,30.00,8.00,22.00,2.00,1.00,2.00,1.00,0,8.09,244.20,105.97,42.24,3.54,127.38,4.49,8.09,35.32,81.40,5.96,14.08,1.18,42.46,1.50,1.00,1.00,0.25,0.05
19,3,1,3,435,1.00,3.00,3.00,5.00,5.00,19.00,2.00,19.00,6.33,55.00,29.00,2.00,27.00,1.00,1.00,1.00,4.00,0,4.04,180.91,89.65,2.44,2.44,25.82,11.16,4.04,17.93,60.30,3.29,1.22,1.22,8.61,3.72,1.00,0.25,0.50,0.15
31,4,4,1,347,6.00,8.00,1.33,7.00,1.17,3.33,5.00,2.00,1.50,18.00,7.33,10.00,34.00,3.00,2.00,4.00,3.00,2,36.15,141.95,158.27,6.27,6.27,32.61,13.57,6.02,22.61,17.74,1.31,1.25,1.25,4.08,1.70,0.75,0.67,0.40,0.09
31,2,0,3,435,3.00,3.00,1.00,10.00,3.33,3.67,1.00,1.33,1.33,21.00,6.00,2.00,16.00,0.00,1.00,1.00,9.00,2,19.58,83.93,264.11,2.03,2.03,12.93,12.93,6.53,26.41,27.98,1.33,2.03,2.03,4.31,4.31,0.00,0.11,0.50,0.56
31,3,1,2,341,3.00,3.00,1.00,9.00,3.00,6.00,3.00,1.67,1.67,24.67,8.67,5.00,21.00,1.00,2.00,3.00,6.00,1,25.05,67.24,270.07,35.08,2.09,13.73,13.73,8.35,30.01,22.41,0.91,11.69,0.70,4.58,4.58,0.33,0.33,0.60,0.29
31,1,2,4,408,1.00,3.00,3.00,12.00,12.00,25.00,8.00,21.00,7.00,103.00,26.00,16.00,10.00,7.00,1.00,8.00,4.00,0,4.84,95.95,254.92,132.74,7.10,20.93,14.46,4.84,21.24,31.98,0.93,16.59,0.89,6.98,4.82,0.88,0.25,0.50,0.40
1,1,2,1,347,3.00,6.00,2.00,12.00,4.00,6.00,7.00,4.33,2.17,28.33,16.67,9.00,41.00,1.00,6.00,2.00,10.00,0,41.66,178.16,134.57,14.41,14.41,34.66,34.66,13.89,11.21,29.69,2.10,2.06,2.06,5.78,5.78,0.50,0.60,0.22,0.24
1,2,0,3,435,5.00,5.00,1.00,5.00,1.00,3.80,0.00,0.00,0.00,15.40,5.80,2.00,27.00,0.00,0.00,0.00,5.00,1,107.95,123.58,118.62,0.00,0.00,40.32,15.46,21.59,23.72,24.72,1.60,0.00,0.00,8.06,3.09,0.00,0.00,0.00,0.19
1,3,1,2,341,1.00,3.00,3.00,9.00,9.00,20.00,6.00,20.00,6.67,61.00,24.00,5.00,19.00,3.00,3.00,3.00,6.00,0,23.40,122.69,147.60,10.06,10.06,28.85,23.38,23.40,16.40,40.90,2.01,1.68,1.68,9.62,7.79,1.00,0.50,0.60,0.32
1,4,4,4,408,3.00,10.00,3.33,9.00,3.00,13.67,7.00,13.67,4.10,30.00,29.67,24.00,65.00,5.00,2.00,7.00,2.00,0,31.53,263.78,50.97,9.76,9.76,33.62,33.62,10.51,5.66,26.38,2.93,1.39,1.39,3.36,3.36,0.71,1.00,0.29,0.03
27,3,1,1,347,1.00,4.00,4.00,11.00,11.00,31.00,10.00,31.00,7.75,97.00,34.00,4.00,30.00,4.00,6.00,4.00,7.00,0,5.73,149.52,177.05,40.37,17.78,71.45,32.32,5.73,16.10,37.38,1.54,4.04,1.78,17.86,8.08,1.00,0.86,1.00,0.23
27,2,0,3,435,1.00,2.00,2.00,4.00,4.00,11.00,4.00,11.00,5.50,65.00,15.00,7.00,8.00,3.00,1.00,3.00,1.00,0,4.38,229.24,115.48,80.79,2.40,142.48,6.24,4.38,28.87,114.62,3.53,20.20,0.60,71.24,3.12,1.00,1.00,0.43,0.12
27,4,4,2,341,2.00,4.00,2.00,8.00,4.00,11.00,5.00,11.00,5.50,31.50,14.50,5.00,24.00,3.00,2.00,5.00,3.00,0,10.58,198.60,124.10,17.43,11.08,93.80,24.46,5.29,15.51,49.65,3.15,3.49,2.22,23.45,6.12,0.60,0.67,1.00,0.12
27,1,2,4,408,2.00,5.00,2.50,2.00,1.00,3.00,2.00,3.00,1.20,20.50,17.00,12.00,22.00,0.00,2.00,0.00,2.00,0,8.60,282.08,112.21,5.77,5.77,251.87,4.74,4.30,56.11,56.42,6.88,2.89,2.89,50.37,0.95,0.00,1.00,0.00,0.09
18,1,2,1,347,4.00,7.00,1.75,10.00,2.50,11.75,8.00,6.75,3.86,21.75,11.75,17.00,30.00,4.00,4.00,4.00,6.00,2,22.36,126.57,168.45,14.75,14.75,28.98,28.98,5.59,16.84,18.08,1.45,1.84,1.84,4.14,4.14,1.00,0.67,0.24,0.20
18,4,4,2,341,8.00,13.00,1.62,8.00,1.00,5.62,1.00,0.12,0.08,11.75,9.50,15.00,61.00,0.00,1.00,3.00,5.00,2,64.25,168.27,96.94,0.58,0.58,39.11,39.11,8.03,12.12,12.94,1.79,0.58,0.58,3.01,3.01,0.00,0.20,0.20,0.08
18,3,1,3,435,2.00,5.00,2.50,11.00,5.50,11.50,6.00,7.00,2.80,36.50,21.00,14.00,28.00,2.00,4.00,5.00,6.00,0,19.32,107.76,225.38,5.29,5.29,18.76,18.76,9.66,20.49,21.55,1.48,0.88,0.88,3.75,3.75,0.40,0.67,0.36,0.21
18,2,0,4,408,4.00,8.00,2.00,18.00,4.50,14.00,13.00,14.00,7.00,31.75,16.00,25.00,39.00,7.00,6.00,8.00,10.00,1,36.99,135.19,180.25,11.16,11.16,31.68,26.36,9.25,10.01,16.90,1.06,0.86,0.86,3.96,3.29,0.88,0.60,0.32,0.26
8,3,1,1,347,2.00,9.00,4.50,13.00,6.50,25.00,9.00,18.50,4.11,70.00,40.50,12.00,69.00,1.00,8.00,3.00,10.00,0,18.29,253.42,71.13,15.15,15.15,27.00,13.04,9.14,5.47,28.16,1.81,1.68,1.68,3.00,1.45,0.33,0.80,0.25,0.14
8,2,0,2,341,3.00,16.00,5.33,8.00,2.67,11.00,5.00,11.00,2.06,40.00,47.00,19.00,122.00,2.00,3.00,4.00,4.00,2,20.50,343.74,53.58,6.84,6.84,34.23,25.04,6.83,6.70,21.48,2.86,1.37,1.37,2.14,1.56,0.50,0.75,0.21,0.03
8,1,2,3,435,3.00,9.00,3.00,15.00,5.00,20.33,7.00,13.67,4.56,42.33,25.00,36.00,39.00,6.00,1.00,8.00,7.00,0,17.24,195.85,130.79,7.23,7.23,16.64,16.64,5.75,8.72,21.76,1.54,1.03,1.03,1.85,1.85,0.75,0.14,0.22,0.18
8,4,4,4,408,2.00,11.00,5.50,25.00,12.50,49.50,21.00,49.50,9.00,115.00,50.50,13.00,88.00,0.00,21.00,1.00,24.00,1,7.79,241.29,87.84,12.66,12.66,28.53,28.53,3.90,3.51,21.94,1.05,0.60,0.60,2.59,2.59,0.00,0.88,0.08,0.27
28,3,1,4,408,2.00,8.00,4.00,17.00,8.50,33.50,15.00,29.00,7.25,88.00,35.00,14.00,56.00,2.00,13.00,2.00,15.00,0,6.48,174.87,160.82,8.26,8.26,23.49,23.49,3.24,9.46,21.86,0.99,0.55,0.55,2.94,2.94,1.00,0.87,0.14,0.27
28,4,4,1,347,3.00,5.00,1.67,9.00,3.00,9.00,5.00,6.67,4.00,42.00,14.33,7.00,36.00,4.00,1.00,4.00,5.00,0,29.52,191.43,121.05,4.58,4.58,19.79,19.79,9.84,13.45,38.29,1.52,0.92,0.92,3.96,3.96,1.00,0.20,0.57,0.14
28,1,2,2,341,7.00,11.00,1.57,7.00,1.00,7.29,4.00,6.71,4.27,15.29,12.29,12.00,74.00,2.00,2.00,3.00,4.00,4,27.08,129.36,183.40,14.25,3.04,29.94,24.64,3.87,26.20,11.76,1.21,3.56,0.76,2.72,2.24,0.67,0.50,0.25,0.05
28,2,0,3,435,2.00,8.00,4.00,14.00,7.00,30.50,10.00,28.00,7.00,96.00,40.00,32.00,48.00,8.00,2.00,8.00,6.00,0,7.56,141.02,164.54,7.46,7.46,21.34,21.34,3.78,11.75,17.63,0.73,0.75,0.75,2.67,2.67,1.00,0.33,0.25,0.12
41,3,1,1,347,8.00,14.00,1.75,21.00,2.62,10.50,18.00,9.50,5.43,24.38,12.50,25.00,75.00,7.00,11.00,7.00,14.00,5,26.53,167.60,114.32,15.76,15.76,50.57,50.57,3.32,5.44,11.97,0.86,0.88,0.88,3.61,3.61,1.00,0.79,0.28,0.19
41,4,4,2,341,8.00,22.00,2.75,8.00,1.00,6.12,2.00,2.75,1.00,20.50,20.75,24.00,142.00,0.00,2.00,2.00,6.00,3,46.11,223.65,68.62,1.16,1.16,54.64,39.85,5.76,8.58,10.17,1.36,0.58,0.58,2.48,1.81,0.00,0.33,0.08,0.04
41,1,2,3,435,13.00,27.00,2.08,7.00,0.54,5.62,4.00,2.38,1.15,13.08,13.38,9.00,165.00,0.00,4.00,0.00,7.00,7,39.96,247.73,50.17,5.22,5.22,81.32,50.08,3.07,7.17,9.18,1.46,1.31,1.31,3.01,1.85,0.00,0.57,0.00,0.04
41,2,0,4,408,5.00,17.00,3.40,15.00,3.00,16.80,12.00,13.80,4.06,37.20,27.40,32.00,105.00,3.00,9.00,3.00,12.00,4,28.08,201.29,125.16,11.46,11.46,43.28,43.28,5.62,8.34,11.84,1.08,0.96,0.96,2.55,2.55,1.00,0.75,0.09,0.11
49,1,2,1,347,1.00,4.00,4.00,12.00,12.00,28.00,9.00,25.00,6.25,105.00,36.00,6.00,30.00,5.00,4.00,5.00,7.00,0,18.48,205.92,130.43,12.94,12.94,55.75,29.01,18.48,10.87,51.48,1.96,1.44,1.44,13.94,7.25,1.00,0.57,0.83,0.23
49,4,4,2,341,2.00,8.00,4.00,9.00,4.50,24.50,6.00,15.00,3.75,70.50,35.50,7.00,64.00,4.00,2.00,4.00,5.00,0,22.43,269.24,60.11,7.87,7.87,37.06,31.77,11.21,6.68,33.66,1.91,1.31,1.31,4.63,3.97,1.00,0.40,0.57,0.08
49,3,1,3,435,1.00,4.00,4.00,16.00,16.00,27.00,15.00,27.00,6.75,92.00,30.00,2.00,28.00,2.00,13.00,2.00,14.00,0,11.36,210.96,129.16,21.73,21.73,98.29,50.16,11.36,8.07,52.74,2.29,1.45,1.45,24.57,12.54,1.00,0.93,1.00,0.50
49,2,0,4,408,1.00,6.00,6.00,18.00,18.00,57.00,16.00,57.00,9.50,144.00,60.00,21.00,39.00,8.00,8.00,8.00,10.00,0,14.19,153.26,180.94,29.22,21.19,41.17,41.17,14.19,10.05,25.54,1.06,1.83,1.32,6.86,6.86,1.00,0.80,0.38,0.26
14,1,2,4,408,1.00,2.00,2.00,8.00,8.00,19.00,5.00,19.00,9.50,56.00,19.00,5.00,14.00,0.00,5.00,1.00,7.00,0,17.21,143.13,184.45,30.53,6.07,5.96,5.96,17.21,23.06,71.56,2.56,6.11,1.21,2.98,2.98,0.00,0.71,0.20,0.50
14,4,4,1,347,3.00,5.00,1.67,3.00,1.00,4.00,3.00,4.00,2.40,13.67,9.33,0.00,28.00,0.00,3.00,0.00,3.00,0,40.88,141.43,164.67,14.64,2.43,22.36,9.30,13.63,54.89,28.29,3.45,4.88,0.81,4.47,1.86,0.00,1.00,0.00,0.11
14,3,1,2,341,2.00,2.00,1.00,7.00,3.50,5.50,3.00,3.50,3.50,21.00,6.50,4.00,9.00,1.00,2.00,2.00,5.00,1,15.02,90.29,234.42,7.95,7.95,15.59,9.54,7.51,33.49,45.15,2.15,2.65,2.65,7.79,4.77,0.50,0.40,0.50,0.56
14,2,0,3,435,5.00,6.00,1.20,4.00,0.80,5.00,0.00,0.00,0.00,9.20,7.00,9.00,26.00,0.00,0.00,2.00,2.00,3,66.64,103.51,165.11,0.00,0.00,41.75,13.89,13.33,41.28,17.25,2.25,0.00,0.00,6.96,2.31,0.00,0.00,0.22,0.08
0,1,2,1,347,4.00,18.00,4.50,15.00,3.75,13.50,15.00,13.50,3.00,49.25,39.00,25.00,131.00,4.00,11.00,4.00,11.00,0,43.80,240.26,63.69,10.11,10.11,25.62,25.62,10.95,4.25,13.35,1.22,0.67,0.67,1.42,1.42,1.00,1.00,0.16,0.08
0,2,0,2,341,5.00,20.00,4.00,8.00,1.60,15.80,4.00,2.20,0.55,40.00,34.40,19.00,153.00,2.00,2.00,2.00,6.00,0,52.02,184.66,109.94,4.86,4.86,34.48,26.03,10.40,13.74,9.23,0.92,1.22,1.22,1.72,1.30,1.00,0.33,0.11,0.04
0,3,1,3,435,1.00,8.00,8.00,10.00,10.00,79.00,4.00,56.00,7.00,124.00,79.00,17.00,62.00,3.00,1.00,5.00,5.00,0,10.81,175.76,194.86,4.90,4.90,20.06,20.06,10.81,19.49,21.97,1.42,1.23,1.23,2.51,2.51,0.60,0.20,0.29,0.08
0,4,4,4,408,3.00,17.00,5.67,20.00,6.67,38.00,14.00,34.00,6.00,71.33,54.33,23.00,140.00,2.00,12.00,2.00,18.00,1,22.26,223.28,96.91,7.90,7.90,43.90,21.64,7.42,4.85,13.13,1.04,0.56,0.56,2.58,1.27,1.00,0.67,0.09,0.13
36,4,4,4,408,1.00,3.00,3.00,11.00,11.00,21.00,11.00,21.00,7.00,76.00,24.00,3.00,21.00,1.00,10.00,1.00,10.00,0,4.78,337.66,36.23,11.63,11.63,285.48,5.15,4.78,3.29,112.55,4.44,1.06,1.06,95.16,1.72,1.00,1.00,0.33,0.48
36,3,1,1,347,2.00,8.00,4.00,14.00,7.00,28.50,14.00,28.50,7.12,77.50,38.00,13.00,63.00,5.00,9.00,5.00,9.00,1,21.31,281.76,41.17,12.56,12.56,147.42,23.68,10.66,2.94,35.22,1.82,0.90,0.90,18.43,2.96,1.00,1.00,0.38,0.14
36,1,2,2,341,5.00,16.00,3.20,7.00,1.40,5.00,7.00,5.00,1.56,32.40,27.20,27.00,109.00,3.00,4.00,3.00,4.00,1,44.99,345.94,25.69,7.65,7.65,26.66,21.24,9.00,3.67,21.62,2.14,1.09,1.09,1.67,1.33,1.00,1.00,0.11,0.04
36,2,0,3,435,3.00,16.00,5.33,6.00,2.00,34.33,5.00,31.33,5.88,59.00,51.33,44.00,110.00,3.00,2.00,3.00,3.00,0,21.70,372.18,22.18,3.95,3.95,42.90,37.71,7.23,3.70,23.26,2.10,0.79,0.79,2.68,2.36,1.00,0.67,0.07,0.03
25,3,1,1,347,5.00,9.00,1.80,8.00,1.60,3.60,4.00,2.00,1.11,33.80,13.40,13.00,54.00,3.00,1.00,3.00,5.00,1,63.08,144.57,118.21,5.30,5.30,30.41,23.78,12.62,14.78,16.06,0.86,1.33,1.33,3.38,2.64,1.00,0.20,0.23,0.09
25,2,0,3,435,7.00,8.00,1.14,7.00,1.00,3.43,2.00,1.14,1.00,9.00,4.14,4.00,25.00,1.00,1.00,2.00,5.00,5,79.87,145.77,138.45,3.08,3.08,97.61,30.63,11.41,19.78,18.22,2.31,1.54,1.54,12.20,3.83,0.50,0.20,0.50,0.20
25,1,2,2,341,3.00,4.00,1.33,7.00,2.33,7.67,3.00,2.67,2.00,33.33,12.67,6.00,32.00,2.00,1.00,2.00,5.00,0,28.72,105.16,217.36,3.95,3.95,22.19,15.07,9.57,31.05,26.29,1.05,1.32,1.32,5.55,3.77,1.00,0.20,0.33,0.16
25,4,4,4,408,6.00,7.00,1.17,8.00,1.33,4.17,3.00,2.33,2.00,18.17,6.00,13.00,23.00,3.00,0.00,6.00,2.00,3,62.12,107.41,132.30,15.52,1.83,26.91,26.91,10.35,16.54,15.34,0.99,5.17,0.61,3.84,3.84,0.50,0.00,0.46,0.09
7,3,1,1,347,1.00,1.00,1.00,1.00,1.00,2.00,0.00,0.00,0.00,2.00,2.00,0.00,2.00,0.00,0.00,0.00,1.00,0,19.07,5.21,321.31,0.00,0.00,0.97,0.97,19.07,321.31,5.21,2.60,0.00,0.00,0.97,0.97,0.00,0.00,0.00,0.50
7,1,2,2,341,1.00,2.00,2.00,5.00,5.00,18.00,3.00,18.00,9.00,36.00,19.00,3.00,16.00,0.00,3.00,1.00,4.00,0,16.80,91.21,281.51,16.15,4.01,19.82,4.81,16.80,56.30,45.60,2.53,5.38,1.34,9.91,2.40,0.00,0.75,0.33,0.25
7,4,4,3,435,5.00,5.00,1.00,6.00,1.20,4.00,4.00,2.00,2.00,10.20,6.40,5.00,27.00,1.00,3.00,2.00,4.00,0,27.31,138.65,148.45,7.95,7.95,57.52,15.93,5.46,24.74,27.73,2.72,1.99,1.99,11.50,3.19,0.50,0.75,0.40,0.15
7,2,0,4,408,3.00,7.00,2.33,11.00,3.67,10.67,9.00,10.00,4.29,48.33,16.33,13.00,36.00,1.00,8.00,1.00,10.00,0,13.40,92.46,255.27,11.79,11.79,27.34,22.24,4.47,23.21,13.21,0.64,1.31,1.31,3.91,3.18,1.00,0.80,0.08,0.28
44,4,4,1,347,3.00,9.00,3.00,7.00,2.33,13.00,7.00,13.00,4.33,25.00,23.33,10.00,60.00,2.00,5.00,2.00,5.00,0,43.06,219.85,64.93,9.29,9.29,104.86,26.28,14.35,9.28,24.43,2.93,1.33,1.33,11.65,2.92,1.00,1.00,0.20,0.08
44,1,2,3,435,3.00,3.00,1.00,3.00,1.00,3.00,2.00,2.00,2.00,10.67,4.33,5.00,8.00,1.00,1.00,1.00,2.00,0,23.96,315.17,7.79,0.65,0.65,180.18,9.49,7.99,2.60,105.06,9.85,0.33,0.33,60.06,3.16,1.00,0.50,0.20,0.25
44,2,0,2,341,4.00,14.00,3.50,8.00,2.00,9.25,7.00,9.00,2.57,28.00,28.50,19.00,95.00,4.00,3.00,4.00,4.00,1,29.70,262.90,33.56,8.62,8.62,103.80,30.06,7.42,4.20,18.78,2.35,1.23,1.23,7.41,2.15,1.00,0.75,0.21,0.04
44,3,1,4,408,1.00,5.00,5.00,8.00,8.00,42.00,7.00,42.00,8.40,59.00,50.00,9.00,41.00,1.00,6.00,1.00,7.00,0,4.18,315.72,24.64,7.69,7.69,124.29,20.20,4.18,3.08,63.14,5.35,1.10,1.10,24.86,4.04,1.00,0.86,0.11,0.17
45,4,4,1,347,5.00,19.00,3.80,10.00,2.00,18.60,5.00,16.80,4.42,56.40,32.00,15.00,145.00,3.00,2.00,5.00,5.00,1,32.65,229.19,80.31,3.61,3.61,34.56,20.67,6.53,8.03,12.06,0.81,0.72,0.72,1.82,1.09,0.60,0.40,0.33,0.03
45,2,0,3,435,2.00,15.00,7.50,14.00,7.00,33.50,9.00,33.50,4.47,181.50,70.00,32.00,108.00,6.00,3.00,8.00,6.00,3,12.21,326.93,49.18,7.45,7.45,121.70,23.12,6.11,3.51,21.80,0.90,0.83,0.83,8.11,1.54,0.75,0.50,0.25,0.06
45,3,1,2,341,3.00,20.00,6.67,9.00,3.00,37.67,6.00,31.00,4.65,117.67,63.67,19.00,172.00,2.00,4.00,2.00,7.00,0,20.64,276.50,60.73,4.37,4.37,22.31,15.15,6.88,6.75,13.82,0.78,0.73,0.73,1.12,0.76,1.00,0.57,0.11,0.04
45,1,2,4,408,3.00,11.00,3.67,10.00,3.33,18.00,10.00,18.00,4.91,75.33,34.67,21.00,83.00,1.00,9.00,1.00,9.00,0,10.37,307.39,51.06,27.89,14.00,142.36,10.96,3.46,5.11,27.94,1.36,2.79,1.40,12.94,1.00,1.00,1.00,0.05,0.11
11,4,4,1,347,5.00,11.00,2.20,13.00,2.60,12.80,6.00,10.80,4.91,39.20,16.80,6.00,78.00,1.00,5.00,1.00,12.00,0,19.92,172.34,144.48,18.70,10.51,17.41,17.41,3.98,11.11,15.67,0.88,3.12,1.75,1.58,1.58,1.00,0.42,0.17,0.15
11,2,0,3,435,4.00,9.00,2.25,8.00,2.00,11.50,1.00,2.25,1.00,46.75,20.00,7.00,73.00,0.00,1.00,2.00,6.00,1,26.81,105.12,214.16,0.31,0.31,26.78,21.40,6.70,26.77,11.68,0.56,0.31,0.31,2.98,2.38,0.00,0.17,0.29,0.08
11,1,2,2,341,5.00,9.00,1.80,12.00,2.40,8.00,6.00,8.00,4.44,25.40,10.80,6.00,48.00,2.00,4.00,2.00,10.00,1,19.00,122.61,189.77,40.44,4.26,23.38,23.38,3.80,15.81,13.62,0.97,6.74,0.71,2.60,2.60,1.00,0.40,0.33,0.21
11,3,1,4,408,3.00,7.00,2.33,11.00,3.67,18.00,7.00,17.00,7.29,50.00,19.33,6.00,52.00,2.00,5.00,3.00,8.00,0,9.92,124.85,224.90,36.81,4.00,10.08,10.08,3.31,20.45,17.84,0.83,5.26,0.57,1.44,1.44,0.67,0.62,0.50,0.15
3,2,0,1,347,6.00,9.00,1.50,6.00,1.00,6.33,2.00,4.67,3.11,25.17,10.67,15.00,49.00,2.00,0.00,2.00,4.00,3,52.87,64.70,138.82,7.89,7.89,33.30,12.60,8.81,23.14,7.19,0.43,3.95,3.95,3.70,1.40,1.00,0.00,0.13,0.08
3,1,2,2,341,3.00,8.00,2.67,9.00,3.00,19.33,1.00,0.33,0.12,61.67,26.00,13.00,65.00,0.00,1.00,2.00,7.00,0,13.86,118.96,198.07,2.45,2.45,27.74,9.77,4.62,22.01,14.87,0.64,2.45,2.45,3.47,1.22,0.00,0.14,0.15,0.11
3,3,1,3,435,2.00,4.00,2.00,8.00,4.00,16.50,6.00,11.50,5.75,61.50,18.50,16.00,21.00,1.00,5.00,1.00,7.00,0,17.17,15.10,130.54,97.53,5.20,4.43,4.43,8.58,16.32,3.78,0.12,16.25,0.87,1.11,1.11,1.00,0.71,0.06,0.33
3,4,4,4,408,3.00,10.00,3.33,11.00,3.67,24.00,10.00,24.00,7.20,46.00,30.33,44.00,47.00,6.00,4.00,6.00,5.00,0,11.49,72.63,187.78,62.69,18.77,24.12,6.93,3.83,17.07,7.26,0.53,6.27,1.88,2.41,0.69,1.00,0.80,0.14,0.11
5,2,0,1,347,1.00,3.00,3.00,13.00,13.00,21.00,6.00,11.00,3.67,89.00,29.00,3.00,26.00,0.00,6.00,2.00,11.00,0,5.86,103.66,249.58,7.47,7.47,49.14,16.46,5.86,19.20,34.55,1.16,1.24,1.24,16.38,5.49,0.00,0.55,0.67,0.42
5,4,4,2,341,1.00,3.00,3.00,6.00,6.00,27.00,5.00,27.00,9.00,53.00,27.00,5.00,22.00,2.00,3.00,2.00,4.00,0,9.51,110.16,427.45,8.94,8.94,31.39,8.69,9.51,71.24,36.72,2.08,1.79,1.79,10.46,2.90,1.00,0.75,0.40,0.18
5,1,2,3,435,1.00,3.00,3.00,6.00,6.00,28.00,5.00,28.00,9.33,60.00,28.00,10.00,18.00,2.00,3.00,2.00,4.00,0,6.78,229.73,143.67,53.31,3.44,179.95,9.10,6.78,23.94,76.58,3.83,10.66,0.69,59.98,3.03,1.00,0.75,0.20,0.22
5,3,1,4,408,2.00,3.00,1.50,3.00,1.50,3.50,3.00,3.50,2.33,16.00,12.00,10.00,14.00,1.00,2.00,1.00,2.00,0,7.71,198.97,153.28,66.85,1.35,179.20,7.56,3.86,51.09,66.32,6.22,22.28,0.45,59.73,2.52,1.00,1.00,0.10,0.14
35,2,0,1,347,3.00,5.00,1.67,4.00,1.33,8.33,2.00,3.33,2.00,30.67,15.33,4.00,42.00,1.00,1.00,1.00,3.00,0,33.25,348.10,64.31,15.37,4.83,317.01,23.74,11.08,16.08,69.62,3.78,7.68,2.42,63.40,4.75,1.00,0.33,0.25,0.07
35,1,2,3,435,1.00,3.00,3.00,10.00,10.00,23.00,10.00,23.00,7.67,85.00,24.00,5.00,19.00,2.00,8.00,2.00,8.00,0,28.80,254.14,78.10,37.24,10.69,184.44,19.92,28.80,7.81,84.71,2.99,3.72,1.07,61.48,6.64,1.00,1.00,0.40,0.42
35,4,4,2,341,1.00,2.00,2.00,2.00,2.00,14.00,2.00,14.00,7.00,37.00,19.00,2.00,17.00,0.00,2.00,0.00,2.00,0,17.44,372.48,8.32,1.94,1.94,12.42,6.29,17.44,4.16,186.24,10.07,0.97,0.97,6.21,3.15,0.00,1.00,0.00,0.12
35,3,1,4,408,2.00,5.00,2.50,6.00,3.00,15.00,5.00,15.00,6.00,56.00,21.50,12.00,31.00,2.00,3.00,3.00,3.00,1,18.98,299.20,101.00,32.85,6.69,64.94,19.23,9.49,16.83,59.84,2.67,6.57,1.34,12.99,3.85,0.67,1.00,0.25,0.10
10,3,1,1,347,3.00,4.00,1.33,14.00,4.67,8.67,10.00,5.67,4.25,26.00,10.33,7.00,24.00,4.00,6.00,4.00,10.00,0,27.84,93.31,229.60,14.19,14.19,23.61,18.46,9.28,16.40,23.33,1.20,1.42,1.42,5.90,4.62,1.00,0.60,0.57,0.42
10,2,0,3,435,5.00,8.00,1.60,11.00,2.20,3.40,3.00,2.20,1.38,17.60,12.60,13.00,50.00,2.00,1.00,4.00,7.00,2,53.02,118.74,193.34,4.50,4.50,41.48,21.55,10.60,17.58,14.84,1.35,1.50,1.50,5.19,2.69,0.50,0.14,0.31,0.14
10,4,4,2,341,7.00,11.00,1.57,6.00,0.86,5.29,2.00,0.71,0.45,10.43,11.43,10.00,70.00,0.00,2.00,0.00,6.00,0,64.45,137.27,130.23,1.91,1.91,22.54,22.54,9.21,21.71,12.48,1.88,0.96,0.96,2.05,2.05,0.00,0.33,0.00,0.09
10,1,2,4,408,1.00,4.00,4.00,20.00,20.00,31.00,10.00,21.00,5.25,106.00,34.00,18.00,16.00,8.00,2.00,12.00,8.00,1,4.74,119.36,229.03,18.79,18.79,41.29,27.07,4.74,11.45,29.84,1.13,1.88,1.88,10.32,6.77,0.67,0.25,0.67,0.50
51,2,0,1,347,4.00,6.00,1.50,12.00,3.00,7.50,10.00,7.50,5.00,34.25,10.25,11.00,30.00,5.00,5.00,5.00,7.00,1,38.06,141.76,144.35,13.77,13.77,34.54,20.97,9.52,12.03,23.63,1.03,1.38,1.38,5.76,3.49,1.00,0.71,0.45,0.23
51,1,2,3,435,7.00,8.00,1.14,10.00,1.43,3.00,4.00,0.71,0.62,12.00,5.57,4.00,35.00,1.00,3.00,2.00,8.00,2,61.98,124.17,143.04,3.33,3.33,29.77,23.98,8.85,14.30,15.52,1.48,0.83,0.83,3.72,3.00,0.50,0.38,0.50,0.23
51,3,1,2,341,12.00,12.00,1.00,5.00,0.42,1.75,1.00,0.33,0.33,2.75,2.67,5.00,27.00,0.00,1.00,1.00,4.00,5,198.33,80.06,52.29,0.63,0.63,30.76,30.76,16.53,10.46,6.67,2.43,0.63,0.63,2.56,2.56,0.00,0.25,0.20,0.15
51,4,4,4,408,4.00,7.00,1.75,21.00,5.25,8.75,17.00,8.50,4.86,40.50,12.75,27.00,24.00,9.00,8.00,11.00,10.00,0,24.19,173.73,123.17,20.01,13.20,28.82,28.82,6.05,5.87,24.82,1.07,1.18,0.78,4.12,4.12,0.82,0.80,0.41,0.42
48,1,2,1,347,2.00,4.00,2.00,6.00,3.00,3.50,4.00,3.00,1.50,23.00,10.00,5.00,15.00,2.00,2.00,3.00,3.00,2,16.00,147.57,179.18,10.05,10.05,64.19,19.49,8.00,29.86,36.89,3.21,2.51,2.51,16.05,4.87,0.67,0.67,0.60,0.20
48,4,4,2,341,4.00,7.00,1.75,5.00,1.25,3.25,2.00,2.75,1.57,12.25,12.75,8.00,43.00,0.00,2.00,1.00,4.00,0,39.15,183.75,131.16,5.76,5.76,15.79,15.79,9.79,26.23,26.25,3.75,2.88,2.88,2.26,2.26,0.00,0.50,0.12,0.09
48,2,0,3,435,2.00,6.00,3.00,9.00,4.50,23.50,4.00,23.50,7.83,28.00,27.00,21.00,33.00,3.00,1.00,4.00,5.00,0,26.87,159.07,168.41,7.80,7.80,31.03,23.89,13.44,18.71,26.51,2.84,1.95,1.95,5.17,3.98,0.75,0.20,0.19,0.15
48,3,1,4,408,5.00,11.00,2.20,6.00,1.20,10.60,4.00,8.20,3.73,10.80,15.80,16.00,63.00,1.00,3.00,1.00,5.00,1,54.00,161.50,136.05,6.90,6.90,25.09,25.09,10.80,22.68,14.68,2.99,1.73,1.73,2.28,2.28,1.00,0.60,0.06,0.08
6,2,0,1,347,2.00,4.00,2.00,17.00,8.50,13.00,15.00,13.00,6.50,86.00,13.00,7.00,19.00,6.00,9.00,7.00,10.00,1,24.48,190.44,116.70,8.64,8.64,50.27,30.08,12.24,6.86,47.61,1.11,0.58,0.58,12.57,7.52,0.86,0.90,1.00,0.53
6,3,1,3,435,3.00,7.00,2.33,5.00,1.67,12.00,3.00,2.67,1.14,31.00,21.33,5.00,59.00,1.00,2.00,2.00,3.00,1,31.73,302.77,48.47,0.86,0.86,25.56,16.31,10.58,9.69,43.25,3.26,0.29,0.29,3.65,2.33,0.50,0.67,0.40,0.05
6,4,4,2,341,7.00,11.00,1.57,8.00,1.14,5.14,8.00,5.14,3.27,15.43,8.86,6.00,56.00,2.00,6.00,2.00,6.00,3,32.64,315.71,19.43,2.63,2.63,23.81,23.81,4.66,2.43,28.70,2.92,0.33,0.33,2.16,2.16,1.00,1.00,0.33,0.11
6,1,2,4,408,4.00,9.00,2.25,19.00,4.75,15.50,16.00,15.25,6.78,39.50,19.00,9.00,67.00,1.00,15.00,1.00,18.00,1,27.28,276.40,33.97,5.28,5.28,21.07,21.07,6.82,1.79,30.71,1.75,0.33,0.33,2.34,2.34,1.00,0.83,0.11,0.27
20,2,0,1,347,4.00,8.00,2.00,15.00,3.75,12.00,10.00,11.00,5.50,39.75,16.50,14.00,52.00,3.00,7.00,3.00,12.00,0,19.58,177.91,157.23,12.14,12.14,44.55,34.47,4.90,10.48,22.24,1.12,1.21,1.21,5.57,4.31,1.00,0.58,0.21,0.23
20,4,4,3,435,1.00,1.00,1.00,7.00,7.00,10.00,7.00,10.00,10.00,48.00,10.00,5.00,5.00,3.00,4.00,3.00,4.00,0,4.66,138.70,277.64,220.49,5.50,52.33,7.42,4.66,39.66,138.70,2.89,31.50,0.79,52.33,7.42,1.00,1.00,0.60,0.80
20,1,2,2,341,5.00,8.00,1.60,9.00,1.80,3.20,2.00,0.40,0.25,17.00,10.00,5.00,45.00,1.00,1.00,3.00,6.00,3,18.35,195.28,139.84,1.97,1.97,55.82,28.56,3.67,15.54,24.41,2.30,0.98,0.98,6.98,3.57,0.33,0.17,0.60,0.13
20,3,1,4,408,5.00,9.00,1.80,19.00,3.80,8.80,17.00,8.20,4.56,33.80,12.80,19.00,45.00,3.00,14.00,4.00,15.00,1,21.68,192.73,127.56,18.91,18.91,63.29,34.03,4.34,6.71,21.41,1.14,1.11,1.11,7.03,3.78,0.75,0.93,0.21,0.33
29,4,4,1,347,3.00,5.00,1.67,11.00,3.67,7.67,8.00,5.00,3.00,24.33,13.00,5.00,34.00,3.00,5.00,4.00,7.00,0,30.99,109.51,204.48,9.02,9.02,19.71,13.63,10.33,18.59,21.90,1.50,1.13,1.13,3.94,2.73,0.75,0.71,0.80,0.21
29,1,2,2,341,5.00,8.00,1.60,7.00,1.40,7.60,5.00,7.60,4.75,18.00,10.60,8.00,45.00,2.00,3.00,3.00,4.00,1,26.47,251.94,86.19,12.68,12.68,36.41,26.72,5.29,12.31,31.49,2.80,2.54,2.54,4.55,3.34,0.67,0.75,0.38,0.09
29,3,1,3,435,5.00,6.00,1.20,8.00,1.60,2.40,6.00,2.20,1.83,16.80,6.60,16.00,17.00,5.00,1.00,5.00,3.00,1,22.23,196.91,136.81,11.29,11.29,24.79,19.16,4.45,17.10,32.82,2.34,1.88,1.88,4.13,3.19,1.00,0.33,0.31,0.18
29,2,0,4,408,4.00,8.00,2.00,22.00,5.50,12.00,12.00,10.50,5.25,44.75,15.75,17.00,46.00,4.00,8.00,7.00,15.00,2,16.92,162.02,168.71,33.82,14.78,48.14,27.74,4.23,7.67,20.25,0.91,2.82,1.23,6.02,3.47,0.57,0.53,0.41,0.33
17,1,2,1,347,3.00,7.00,2.33,10.00,3.33,12.67,7.00,8.00,3.43,50.33,23.00,8.00,61.00,2.00,5.00,3.00,7.00,0,20.06,236.54,100.09,22.02,6.86,155.91,13.81,6.69,10.01,33.79,1.57,3.15,0.98,22.27,1.97,0.67,0.71,0.38,0.11
17,4,4,2,341,1.00,5.00,5.00,15.00,15.00,35.00,14.00,35.00,7.00,266.00,49.00,6.00,43.00,6.00,8.00,6.00,9.00,0,9.79,300.45,101.18,4.07,4.07,26.34,21.04,9.79,6.75,60.09,1.13,0.29,0.29,5.27,4.21,1.00,0.89,1.00,0.21
17,2,0,3,435,1.00,7.00,7.00,16.00,16.00,53.00,15.00,53.00,7.57,302.00,67.00,24.00,43.00,8.00,7.00,8.00,8.00,0,5.02,291.32,48.68,0.91,0.91,184.21,28.77,5.02,3.04,41.62,0.96,0.06,0.06,26.32,4.11,1.00,0.88,0.33,0.19
17,3,1,4,408,12.00,19.00,1.58,17.00,1.42,8.00,16.00,7.58,4.79,26.67,11.42,32.00,105.00,3.00,13.00,3.00,14.00,2,43.60,231.79,57.38,5.46,5.46,57.31,52.06,3.63,3.38,12.20,0.72,0.34,0.34,3.02,2.74,1.00,0.93,0.09,0.13
39,3,1,1,347,6.00,6.00,1.00,6.00,1.00,4.17,3.00,1.67,1.67,8.00,5.67,4.00,30.00,0.00,3.00,0.00,6.00,3,59.49,83.89,206.01,3.89,3.89,26.83,26.83,9.92,34.34,13.98,1.75,1.30,1.30,4.47,4.47,0.00,0.50,0.00,0.20
39,2,0,2,341,2.00,5.00,2.50,13.00,6.50,9.50,11.00,9.50,3.80,51.50,21.50,3.00,40.00,1.00,10.00,1.00,12.00,0,11.38,180.09,178.27,20.24,15.21,38.56,32.62,5.69,13.71,36.02,1.75,1.84,1.38,7.71,6.52,1.00,0.83,0.33,0.30
39,1,2,3,435,1.00,2.00,2.00,10.00,10.00,13.00,7.00,12.00,6.00,53.00,13.00,3.00,10.00,3.00,4.00,3.00,7.00,0,25.68,113.39,224.27,14.16,14.16,30.62,13.60,25.68,22.43,56.70,2.14,2.02,2.02,15.31,6.80,1.00,0.57,1.00,0.70
39,4,4,4,408,2.00,4.00,2.00,12.00,6.00,9.50,11.00,9.50,4.75,30.00,11.50,11.00,12.00,5.00,6.00,6.00,6.00,1,27.25,205.81,133.16,14.66,14.66,25.89,25.89,13.62,11.10,51.45,3.43,1.33,1.33,6.47,6.47,0.83,1.00,0.55,0.50
24,2,0,1,347,2.00,5.00,2.50,11.00,5.50,21.50,6.00,20.00,8.00,54.00,21.50,9.00,34.00,2.00,4.00,2.00,9.00,0,21.24,238.36,75.47,21.72,8.53,51.21,21.77,10.62,6.86,47.67,2.21,3.62,1.42,10.24,4.35,1.00,0.44,0.22,0.26
24,3,1,2,341,1.00,3.00,3.00,8.00,8.00,21.00,3.00,21.00,7.00,100.00,30.00,6.00,24.00,0.00,3.00,0.00,8.00,0,10.47,147.84,198.00,39.97,1.77,80.68,9.35,10.47,24.75,49.28,1.48,13.32,0.59,26.89,3.12,0.00,0.38,0.00,0.33
24,1,2,3,435,1.00,3.00,3.00,9.00,9.00,20.00,7.00,20.00,6.67,66.00,20.00,4.00,16.00,0.00,7.00,1.00,8.00,0,12.80,137.54,201.68,9.49,9.49,38.25,13.99,12.80,22.41,45.85,2.08,1.36,1.36,12.75,4.66,0.00,0.88,0.25,0.50
24,4,4,4,408,2.00,4.00,2.00,8.00,4.00,13.50,6.00,10.00,5.00,55.00,15.50,12.00,19.00,2.00,4.00,3.00,5.00,0,23.68,164.11,181.87,115.44,6.46,13.89,13.89,11.84,22.73,41.03,1.49,19.24,1.08,3.47,3.47,0.67,0.80,0.25,0.26
9,3,1,1,347,5.00,5.00,1.00,9.00,1.80,2.80,1.00,0.60,0.60,11.80,6.20,9.00,22.00,1.00,0.00,4.00,5.00,1,43.92,79.82,248.13,0.91,0.91,18.46,18.46,8.78,27.57,15.96,1.35,0.91,0.91,3.69,3.69,0.25,0.00,0.44,0.23
9,4,4,2,341,4.00,4.00,1.00,6.00,1.50,3.00,2.00,2.00,2.00,11.25,5.75,3.00,20.00,0.00,2.00,0.00,6.00,1,46.34,99.32,212.29,3.35,3.35,16.91,16.91,11.59,35.38,24.83,2.21,1.67,1.67,4.23,4.23,0.00,0.33,0.00,0.30
9,1,2,3,435,7.00,10.00,1.43,5.00,0.71,3.29,0.00,0.00,0.00,10.43,7.71,18.00,36.00,0.00,0.00,0.00,5.00,4,56.62,128.35,151.45,0.00,0.00,28.61,28.61,8.09,30.29,12.83,1.76,0.00,0.00,2.86,2.86,0.00,0.00,0.00,0.14
9,2,0,4,408,1.00,4.00,4.00,16.00,16.00,39.00,8.00,36.00,9.00,145.00,40.00,20.00,20.00,6.00,2.00,9.00,7.00,1,9.18,102.79,244.34,15.16,15.16,13.81,13.81,9.18,15.27,25.70,0.71,1.90,1.90,3.45,3.45,0.67,0.29,0.45,0.35
15,1,2,1,347,3.00,8.00,2.67,7.00,2.33,10.00,5.00,10.00,3.75,42.67,19.33,2.00,56.00,1.00,4.00,1.00,6.00,1,19.01,339.96,31.07,8.02,8.02,127.02,21.06,6.34,4.44,42.49,2.66,1.60,1.60,15.88,2.63,1.00,0.67,0.50,0.11
15,4,4,3,435,1.00,1.00,1.00,4.00,4.00,6.00,4.00,6.00,6.00,30.00,6.00,2.00,4.00,1.00,3.00,1.00,3.00,0,3.61,182.41,72.50,4.56,4.56,21.28,6.29,3.61,18.12,182.41,6.08,1.14,1.14,21.28,6.29,1.00,1.00,0.50,0.75
15,2,0,2,341,4.00,8.00,2.00,3.00,0.75,4.50,2.00,4.50,2.25,34.50,14.75,8.00,51.00,0.00,2.00,0.00,3.00,1,16.68,286.68,28.72,6.08,6.08,33.12,14.56,4.17,9.57,35.84,2.08,3.04,3.04,4.14,1.82,0.00,0.67,0.00,0.06
15,3,1,4,408,2.00,4.00,2.00,10.00,5.00,10.50,10.00,10.50,5.25,36.50,14.00,16.00,12.00,6.00,4.00,6.00,4.00,1,5.58,459.26,25.16,7.69,7.69,429.18,6.64,2.79,2.52,114.81,6.29,0.77,0.77,107.30,1.66,1.00,1.00,0.38,0.33
46,1,2,1,347,3.00,4.00,1.33,7.00,2.33,5.67,4.00,5.67,4.25,42.00,10.33,5.00,26.00,2.00,2.00,2.00,5.00,0,15.04,304.71,28.39,6.59,6.59,6.68,6.68,5.01,4.06,76.18,2.42,1.65,1.65,1.67,1.67,1.00,0.40,0.40,0.19
46,3,1,2,341,5.00,6.00,1.20,4.00,0.80,1.80,4.00,1.80,1.50,14.20,5.60,4.00,24.00,0.00,4.00,0.00,4.00,1,32.56,321.61,12.97,3.04,3.04,6.36,6.36,6.51,3.24,53.60,4.53,0.76,0.76,1.06,1.06,0.00,1.00,0.00,0.17
46,2,0,3,435,1.00,1.00,1.00,3.00,3.00,10.00,3.00,10.00,10.00,22.00,10.00,2.00,8.00,0.00,3.00,0.00,3.00,0,8.23,8.91,307.23,300.93,0.88,1.89,1.89,8.23,102.41,8.91,0.41,100.31,0.29,1.89,1.89,0.00,1.00,0.00,0.38
46,4,4,4,408,3.00,4.00,1.33,5.00,1.67,4.33,5.00,4.33,3.25,22.00,6.67,11.00,9.00,5.00,0.00,5.00,0.00,1,17.10,180.33,105.08,89.30,4.50,4.88,4.88,5.70,21.02,45.08,2.73,17.86,0.90,1.22,1.22,1.00,0.00,0.45,0.00
4,2,0,1,347,2.00,3.00,1.50,9.00,4.50,10.50,6.00,8.50,5.67,22.00,12.00,7.00,17.00,3.00,3.00,4.00,5.00,1,20.81,63.38,288.66,4.65,4.65,29.53,15.52,10.41,32.07,21.13,1.44,0.78,0.78,9.84,5.17,0.75,0.60,0.57,0.29
4,3,1,2,341,2.00,3.00,1.50,5.00,2.50,6.50,3.00,6.00,4.00,16.00,8.50,4.00,13.00,1.00,2.00,2.00,3.00,1,12.37,236.88,157.72,2.40,2.40,26.29,5.64,6.19,31.54,78.96,7.40,0.80,0.80,8.76,1.88,0.50,0.67,0.50,0.23
4,1,2,3,435,1.00,2.00,2.00,8.00,8.00,16.00,3.00,5.00,2.50,37.00,16.00,9.00,7.00,3.00,0.00,5.00,3.00,0,10.19,65.62,289.76,2.25,2.25,27.58,16.63,10.19,36.22,32.81,1.77,0.75,0.75,13.79,8.31,0.60,0.00,0.56,0.43
4,4,4,4,408,2.00,3.00,1.50,11.00,5.50,6.00,8.00,5.50,3.67,30.00,8.00,9.00,7.00,6.00,2.00,8.00,3.00,0,16.05,63.89,254.19,21.76,8.55,27.28,22.17,8.02,23.11,21.30,1.06,2.72,1.07,9.09,7.39,0.75,0.67,0.89,0.43
42,3,1,1,347,6.00,7.00,1.17,14.00,2.33,3.00,13.00,3.00,2.57,18.00,5.00,8.00,22.00,4.00,9.00,4.00,10.00,2,40.60,253.52,52.76,26.99,15.75,188.79,25.31,6.77,3.77,36.22,2.35,2.08,1.21,26.97,3.62,1.00,0.90,0.50,0.45
42,2,0,3,435,2.00,4.00,2.00,19.00,9.50,16.50,19.00,16.50,8.25,61.50,19.00,9.00,29.00,6.00,13.00,6.00,13.00,0,9.39,299.98,52.18,22.92,22.92,110.28,23.14,4.70,2.75,74.99,2.44,1.21,1.21,27.57,5.79,1.00,1.00,0.67,0.45
42,4,4,2,341,10.00,13.00,1.30,23.00,2.30,4.40,21.00,4.20,3.23,20.00,7.30,8.00,65.00,2.00,19.00,2.00,21.00,4,71.48,224.85,55.49,15.46,15.46,49.17,43.10,7.15,2.41,17.30,1.12,0.74,0.74,3.78,3.32,1.00,0.90,0.25,0.32
42,1,2,4,408,2.00,4.00,2.00,17.00,8.50,14.00,16.00,14.00,7.00,66.00,14.50,9.00,20.00,4.00,12.00,5.00,12.00,1,27.30,275.84,56.30,16.12,16.12,206.93,16.42,13.65,3.31,68.96,2.09,1.01,1.01,51.73,4.10,0.80,1.00,0.56,0.60
37,3,1,1,347,2.00,7.00,3.50,8.00,4.00,30.00,7.00,18.00,5.14,46.50,31.50,20.00,43.00,4.00,3.00,4.00,4.00,0,24.22,188.52,55.78,11.31,11.31,55.00,16.08,12.11,6.97,26.93,2.03,1.62,1.62,7.86,2.30,1.00,0.75,0.20,0.09
37,4,4,3,435,5.00,5.00,1.00,6.00,1.20,2.40,5.00,2.40,2.40,5.60,3.40,2.00,15.00,2.00,3.00,2.00,4.00,1,37.62,256.10,68.16,5.08,5.08,189.37,15.55,7.52,11.36,51.22,9.15,1.02,1.02,37.87,3.11,1.00,0.75,1.00,0.27
37,1,2,2,341,5.00,5.00,1.00,9.00,1.80,6.40,6.00,3.20,3.20,9.60,7.20,9.00,27.00,3.00,3.00,4.00,5.00,2,61.38,211.90,40.46,6.32,6.32,148.03,35.03,12.28,4.50,42.38,4.41,1.05,1.05,29.61,7.01,0.75,0.60,0.44,0.19
37,2,0,4,408,2.00,4.00,2.00,6.00,3.00,10.50,6.00,10.50,5.25,25.00,15.00,17.00,13.00,5.00,1.00,5.00,1.00,0,23.27,108.16,46.77,5.32,5.32,51.67,19.97,11.63,7.80,27.04,2.16,0.89,0.89,12.92,4.99,1.00,1.00,0.29,0.08
32,1,2,1,347,3.00,7.00,2.33,12.00,4.00,8.00,8.00,7.67,3.29,33.33,17.33,4.00,48.00,3.00,5.00,3.00,9.00,1,26.27,236.96,123.78,9.06,9.06,67.50,14.54,8.76,10.31,33.85,2.37,1.13,1.13,9.64,2.08,1.00,0.56,0.75,0.19
32,3,1,2,341,5.00,11.00,2.20,18.00,3.60,13.00,7.00,6.40,2.91,32.60,17.20,12.00,74.00,3.00,4.00,7.00,11.00,2,25.34,167.02,155.65,10.61,10.61,34.58,26.78,5.07,8.65,15.18,1.02,1.52,1.52,3.14,2.43,0.43,0.36,0.58,0.15
32,2,0,3,435,3.00,7.00,2.33,9.00,3.00,9.67,5.00,6.67,2.86,41.33,16.33,15.00,34.00,2.00,3.00,2.00,7.00,1,12.51,131.64,178.22,11.13,5.33,21.61,21.61,4.17,19.80,18.81,1.06,2.23,1.07,3.09,3.09,1.00,0.43,0.13,0.21
32,4,4,4,408,3.00,8.00,2.67,23.00,7.67,18.67,19.00,16.00,6.00,50.67,21.67,31.00,34.00,10.00,9.00,13.00,10.00,1,10.55,133.50,197.97,14.40,14.40,28.84,28.84,3.52,8.61,16.69,0.88,0.76,0.76,3.60,3.60,0.77,0.90,0.42,0.29
13,4,4,1,347,9.00,14.00,1.56,17.00,1.89,5.33,6.00,3.67,2.36,18.67,11.78,8.00,98.00,1.00,5.00,4.00,13.00,1,37.25,177.22,122.68,4.47,4.47,20.94,20.94,4.14,7.22,12.66,1.05,0.74,0.74,1.50,1.50,0.25,0.38,0.50,0.13
13,3,1,3,435,1.00,7.00,7.00,19.00,19.00,70.00,5.00,69.00,9.86,144.00,70.00,31.00,39.00,4.00,1.00,11.00,8.00,0,4.43,152.11,200.25,3.39,3.39,14.04,14.04,4.43,10.54,21.73,1.06,0.68,0.68,2.01,2.01,0.36,0.12,0.35,0.21
13,2,0,2,341,13.00,31.00,2.38,8.00,0.62,4.69,4.00,2.15,0.90,20.00,19.08,25.00,223.00,0.00,4.00,1.00,7.00,1,52.41,217.27,50.12,3.30,3.30,34.39,24.30,4.03,6.27,7.01,0.84,0.82,0.82,1.11,0.78,0.00,0.57,0.04,0.03
13,1,2,4,408,8.00,23.00,2.88,20.00,2.50,14.88,16.00,13.50,4.70,30.50,25.12,43.00,158.00,4.00,12.00,4.00,16.00,0,33.76,215.37,89.22,16.81,9.66,25.65,25.65,4.22,4.46,9.36,0.88,1.05,0.60,1.12,1.12,1.00,0.75,0.09,0.10
33,1,2,1,347,1.00,2.00,2.00,11.00,11.00,14.00,5.00,11.00,5.50,52.00,14.00,7.00,7.00,4.00,1.00,6.00,5.00,0,16.97,88.84,256.88,8.72,8.72,27.58,16.43,16.97,23.35,44.42,1.71,1.74,1.74,13.79,8.21,0.67,0.20,0.86,0.71
33,4,4,2,341,3.00,10.00,3.33,6.00,2.00,4.67,3.00,2.33,0.70,17.00,30.00,10.00,80.00,0.00,3.00,1.00,5.00,0,21.52,246.06,87.73,3.64,3.64,52.75,26.43,7.17,14.62,24.61,4.82,1.21,1.21,5.28,2.64,0.00,0.60,0.10,0.06
33,2,0,3,435,1.00,14.00,14.00,5.00,5.00,60.00,3.00,29.00,2.07,94.00,135.00,18.00,117.00,1.00,2.00,1.00,4.00,0,9.60,221.32,120.06,5.16,5.16,40.00,33.18,9.60,24.01,15.81,2.35,1.72,1.72,2.86,2.37,1.00,0.50,0.06,0.03
33,3,1,4,408,8.00,19.00,2.38,8.00,1.00,5.75,6.00,5.12,2.16,9.12,16.88,8.00,127.00,1.00,5.00,2.00,6.00,1,65.67,233.73,54.54,6.90,6.90,65.55,42.17,8.21,6.82,12.30,3.20,1.15,1.15,3.45,2.22,0.50,0.83,0.25,0.05
12,2,0,4,408,9.00,20.00,2.22,3.00,0.33,4.33,1.00,2.44,1.10,15.78,17.00,27.00,126.00,0.00,1.00,1.00,2.00,2,71.65,168.04,80.31,1.36,1.36,76.32,44.19,7.96,26.77,8.40,1.18,1.36,1.36,3.82,2.21,0.00,0.50,0.04,0.02
12,4,4,1,347,4.00,6.00,1.50,7.00,1.75,2.50,5.00,1.75,1.17,19.00,10.00,6.00,34.00,4.00,1.00,4.00,3.00,0,40.04,155.27,137.21,8.45,8.45,32.78,32.78,10.01,19.60,25.88,2.04,1.69,1.69,5.46,5.46,1.00,0.33,0.67,0.09
12,1,2,2,341,4.00,8.00,2.00,6.00,1.50,5.75,1.00,0.75,0.38,24.00,16.25,15.00,50.00,0.00,1.00,1.00,5.00,0,32.04,206.49,90.82,1.38,1.38,45.30,23.06,8.01,15.14,25.81,2.15,1.38,1.38,5.66,2.88,0.00,0.20,0.07,0.10
12,3,1,3,435,7.00,10.00,1.43,8.00,1.14,4.14,2.00,1.00,0.70,13.43,6.43,2.00,43.00,0.00,2.00,1.00,7.00,5,42.62,139.56,155.25,2.63,2.63,33.49,33.49,6.09,19.41,13.96,1.48,1.31,1.31,3.35,3.35,0.00,0.29,0.50,0.16
22,2,0,1,347,3.00,12.00,4.00,7.00,2.33,12.33,4.00,11.00,2.75,42.00,33.00,5.00,94.00,0.00,4.00,0.00,7.00,6,22.81,210.31,184.31,4.28,4.28,113.99,10.81,7.60,26.33,17.53,1.67,1.07,1.07,9.50,0.90,0.00,0.57,0.00,0.07
22,4,4,2,341,2.00,8.00,4.00,2.00,1.00,1.50,1.00,0.50,0.12,59.50,36.00,9.00,63.00,0.00,1.00,1.00,1.00,0,29.90,189.91,90.85,1.80,1.80,16.77,16.77,14.95,45.42,23.74,1.60,1.80,1.80,2.10,2.10,0.00,1.00,0.11,0.02
22,3,1,3,435,1.00,3.00,3.00,5.00,5.00,22.00,2.00,14.00,4.67,61.00,30.00,0.00,30.00,0.00,2.00,0.00,5.00,0,6.59,72.95,299.35,2.56,2.56,29.78,7.39,6.59,59.87,24.32,1.20,1.28,1.28,9.93,2.46,0.00,0.40,0.00,0.17
22,1,2,4,408,2.00,8.00,4.00,9.00,4.50,24.00,6.00,8.50,2.12,61.50,40.00,26.00,54.00,3.00,3.00,5.00,4.00,0,18.70,208.89,115.07,11.04,11.04,42.10,18.35,9.35,12.79,26.11,1.70,1.84,1.84,5.26,2.29,0.60,0.75,0.19,0.07
2,1,2,1,347,4.00,14.00,3.50,12.00,3.00,24.50,6.00,8.25,2.36,40.00,29.00,7.00,109.00,1.00,5.00,2.00,10.00,1,28.60,205.41,117.21,6.78,6.78,34.61,14.47,7.15,9.77,14.67,1.28,1.13,1.13,2.47,1.03,0.50,0.50,0.29,0.09
2,4,4,3,435,1.00,2.00,2.00,7.00,7.00,14.00,5.00,14.00,7.00,78.00,20.00,12.00,8.00,3.00,2.00,3.00,4.00,0,12.56,188.09,268.90,5.66,5.66,124.96,8.76,12.56,38.41,94.05,2.41,1.13,1.13,62.48,4.38,1.00,0.50,0.25,0.50
2,3,1,2,341,2.00,7.00,3.50,4.00,2.00,18.00,3.00,17.00,4.86,45.00,33.00,10.00,56.00,1.00,2.00,2.00,2.00,0,16.04,257.47,106.17,49.65,4.54,24.29,10.15,8.02,26.54,36.78,2.86,16.55,1.51,3.47,1.45,0.50,1.00,0.20,0.04
2,2,0,4,408,5.00,15.00,3.00,20.00,4.00,20.40,16.00,20.00,6.67,54.00,27.00,15.00,120.00,1.00,15.00,1.00,19.00,2,39.09,163.55,151.28,15.60,15.60,29.54,24.49,7.82,7.56,10.90,0.61,0.98,0.98,1.97,1.63,1.00,0.79,0.07,0.16
52,2,0,1,347,2.00,8.00,4.00,10.00,5.00,7.50,5.00,6.50,1.62,36.00,36.50,10.00,63.00,4.00,1.00,7.00,3.00,1,29.39,135.32,168.15,4.13,4.13,49.89,39.17,14.70,16.82,16.91,1.88,0.83,0.83,6.24,4.90,0.57,0.33,0.70,0.05
52,3,1,3,435,2.00,4.00,2.00,10.00,5.00,12.00,5.00,12.00,6.00,19.50,12.50,7.00,18.00,3.00,2.00,3.00,7.00,1,16.33,94.30,208.39,7.20,7.20,55.33,36.21,8.16,20.84,23.58,2.42,1.44,1.44,13.83,9.05,1.00,0.29,0.43,0.39
52,4,4,2,341,5.00,12.00,2.40,3.00,0.60,6.80,1.00,0.20,0.08,5.00,16.20,13.00,68.00,0.00,1.00,1.00,2.00,2,52.43,158.53,116.38,0.78,0.78,38.56,17.41,10.49,38.79,13.21,6.34,0.78,0.78,3.21,1.45,0.00,0.50,0.08,0.03
52,1,2,4,408,1.00,3.00,3.00,19.00,19.00,30.00,10.00,27.00,9.00,64.00,30.00,16.00,14.00,7.00,3.00,9.00,10.00,0,4.83,93.73,263.41,8.64,8.64,60.27,54.67,4.83,13.86,31.24,1.46,0.86,0.86,20.09,18.22,0.78,0.30,0.56,0.71
50,2,0,1,347,8.00,13.00,1.62,15.00,1.88,8.38,9.00,8.00,4.92,15.50,8.88,4.00,67.00,2.00,7.00,2.00,13.00,8,21.82,190.33,118.67,11.97,11.97,52.55,52.55,2.73,7.91,14.64,1.53,1.33,1.33,4.04,4.04,1.00,0.54,0.50,0.19
50,3,1,3,435,2.00,9.00,4.50,9.00,4.50,16.00,9.00,16.00,3.56,54.50,44.50,15.00,74.00,5.00,4.00,5.00,4.00,0,5.61,255.72,54.03,7.34,7.34,56.72,32.41,2.81,6.00,28.41,2.35,0.82,0.82,6.30,3.60,1.00,1.00,0.33,0.05
50,1,2,2,341,3.00,11.00,3.67,11.00,3.67,21.33,10.00,21.33,5.82,44.33,33.00,18.00,81.00,5.00,5.00,6.00,5.00,0,14.28,269.06,44.26,8.78,8.78,49.31,38.21,4.76,4.02,24.46,2.02,0.88,0.88,4.48,3.47,0.83,1.00,0.33,0.06
50,4,4,4,408,1.00,9.00,9.00,24.00,24.00,82.00,21.00,82.00,9.11,148.00,83.00,13.00,70.00,5.00,16.00,5.00,19.00,0,4.45,212.83,106.50,22.03,22.03,63.38,45.30,4.45,4.44,23.65,1.44,1.05,1.05,7.04,5.03,1.00,0.84,0.38,0.27
43,2,0,4,408,3.00,9.00,3.00,9.00,3.00,20.67,6.00,19.67,6.56,79.67,24.33,16.00,57.00,0.00,6.00,0.00,9.00,1,12.61,116.65,75.82,4.60,4.60,21.69,15.94,4.20,8.42,12.96,0.49,0.77,0.77,2.41,1.77,0.00,0.67,0.00,0.16
43,4,4,1,347,2.00,6.00,3.00,18.00,9.00,28.00,12.00,24.00,8.00,78.50,28.00,8.00,48.00,5.00,7.00,6.00,12.00,0,11.20,145.11,208.65,8.11,8.11,15.04,15.04,5.60,11.59,24.18,0.92,0.68,0.68,2.51,2.51,0.83,0.58,0.75,0.25
43,1,2,2,341,6.00,12.00,2.00,8.00,1.33,7.83,4.00,6.83,3.42,31.17,16.17,13.00,84.00,1.00,3.00,2.00,6.00,2,63.49,177.14,100.81,4.02,4.02,29.19,20.71,10.58,12.60,14.76,0.95,1.00,1.00,2.43,1.73,0.50,0.50,0.15,0.07
43,3,1,3,435,1.00,4.00,4.00,14.00,14.00,37.00,12.00,32.00,8.00,131.00,39.00,12.00,27.00,4.00,8.00,4.00,10.00,0,5.48,224.59,124.19,9.77,9.77,41.99,16.38,5.48,8.87,56.15,1.71,0.81,0.81,10.50,4.09,1.00,0.80,0.33,0.37
47,4,4,4,408,2.00,7.00,3.50,26.00,13.00,31.50,23.00,31.50,9.00,79.00,31.50,23.00,40.00,6.00,17.00,7.00,19.00,0,12.99,239.61,98.51,25.56,16.13,44.08,38.52,6.50,3.79,34.23,1.52,1.11,0.70,6.30,5.50,0.86,0.89,0.30,0.47
47,1,2,1,347,1.00,5.00,5.00,20.00,20.00,47.00,18.00,47.00,9.40,187.00,49.00,8.00,41.00,6.00,12.00,6.00,14.00,0,9.27,264.03,75.14,23.18,16.34,30.99,30.99,9.27,3.76,52.81,1.41,1.29,0.91,6.20,6.20,1.00,0.86,0.75,0.34
47,2,0,2,341,3.00,11.00,3.67,21.00,7.00,23.67,18.00,19.00,5.18,75.67,32.67,14.00,84.00,8.00,10.00,8.00,13.00,0,28.25,239.37,78.90,13.46,13.46,61.17,40.73,9.42,3.76,21.76,1.05,0.75,0.75,5.56,3.70,1.00,0.77,0.57,0.15
47,3,1,3,435,2.00,6.00,3.00,13.00,6.50,20.50,13.00,20.50,6.83,55.00,27.50,16.00,39.00,4.00,9.00,4.00,9.00,0,14.92,292.87,52.24,9.14,9.14,162.58,18.56,7.46,4.02,48.81,2.66,0.70,0.70,27.10,3.09,1.00,1.00,0.25,0.23
26,3,1,1,347,1.00,2.00,2.00,8.00,8.00,11.00,8.00,11.00,5.50,35.00,14.00,8.00,6.00,6.00,2.00,6.00,2.00,0,7.46,183.74,150.77,48.69,9.11,155.87,6.67,7.46,18.85,91.87,5.25,6.09,1.14,77.94,3.33,1.00,1.00,0.75,0.33
26,1,2,3,435,2.00,3.00,1.50,8.00,4.00,7.50,7.00,7.50,5.00,18.00,10.00,6.00,14.00,2.00,5.00,2.00,6.00,0,20.45,201.68,125.03,51.22,10.15,151.38,5.45,10.22,15.63,67.23,5.60,7.32,1.45,50.46,1.82,1.00,0.83,0.33,0.43
26,4,4,2,341,1.00,2.00,2.00,12.00,12.00,15.00,10.00,14.00,7.00,33.00,15.00,5.00,10.00,4.00,6.00,5.00,7.00,0,10.10,175.24,135.53,35.21,20.23,116.20,8.77,10.10,11.29,87.62,5.31,3.52,2.02,58.10,4.38,0.80,0.86,1.00,0.70
26,2,0,4,408,2.00,5.00,2.50,6.00,3.00,6.00,5.00,6.00,2.40,23.00,15.00,3.00,27.00,0.00,5.00,0.00,6.00,2,21.24,189.35,98.90,28.71,7.44,141.58,5.68,10.62,16.48,37.87,4.12,5.74,1.49,28.32,1.14,0.00,0.83,0.00,0.22
16,1,2,1,347,2.00,3.00,1.50,5.00,2.50,13.00,3.00,10.50,7.00,20.00,13.00,12.00,14.00,3.00,0.00,4.00,1.00,0,16.63,97.76,298.91,27.63,7.92,25.10,16.08,8.31,59.78,32.59,2.44,9.21,2.64,8.37,5.36,0.75,0.00,0.33,0.07
16,3,1,2,341,4.00,4.00,1.00,5.00,1.25,3.00,4.00,2.50,2.50,13.50,7.00,6.00,22.00,1.00,3.00,1.00,4.00,0,14.71,108.19,270.49,15.81,5.08,32.85,14.38,3.68,54.10,27.05,2.00,3.95,1.27,8.21,3.59,1.00,0.75,0.17,0.18
16,4,4,3,435,2.00,2.00,1.00,6.00,3.00,6.00,5.00,5.00,5.00,14.50,6.00,6.00,6.00,4.00,1.00,5.00,1.00,1,7.23,107.64,243.03,5.23,5.23,21.13,15.32,3.62,40.51,53.82,3.71,1.05,1.05,10.56,7.66,0.80,1.00,0.83,0.17
16,2,0,4,408,4.00,8.00,2.00,10.00,2.50,15.50,8.00,14.00,7.00,28.25,18.75,21.00,54.00,3.00,5.00,4.00,6.00,0,9.48,220.85,122.57,20.89,14.75,114.99,27.59,2.37,12.26,27.61,1.95,2.61,1.84,14.37,3.45,0.75,0.83,0.19,0.11
34,2,0,1,347,6.00,8.00,1.33,12.00,2.00,8.83,7.00,4.67,3.50,21.50,11.17,13.00,54.00,3.00,4.00,4.00,8.00,4,49.06,115.76,178.05,11.71,4.41,37.53,22.43,8.18,14.84,14.47,0.90,1.67,0.63,4.69,2.80,0.75,0.50,0.31,0.15
34,3,1,3,435,2.00,11.00,5.50,12.00,6.00,35.50,10.00,33.50,6.09,68.50,54.50,21.00,88.00,6.00,4.00,6.00,6.00,0,24.01,203.45,150.02,8.98,8.98,22.61,22.61,12.00,12.50,18.50,1.49,0.90,0.90,2.06,2.06,1.00,0.67,0.29,0.07
34,1,2,2,341,11.00,16.00,1.45,3.00,0.27,1.27,1.00,1.00,0.69,9.18,8.64,9.00,86.00,0.00,1.00,0.00,3.00,3,114.65,159.64,75.64,1.03,1.03,56.16,35.36,10.42,25.21,9.98,1.58,1.03,1.03,3.51,2.21,0.00,0.33,0.00,0.03
34,4,4,4,408,4.00,10.00,2.50,15.00,3.75,11.50,14.00,9.25,3.70,48.00,20.00,10.00,70.00,3.00,11.00,3.00,12.00,0,19.87,219.20,106.05,12.93,12.93,25.18,25.18,4.97,7.07,21.92,1.14,0.92,0.92,2.52,2.52,1.00,0.92,0.30,0.17
30,4,4,1,347,1.00,3.00,3.00,12.00,12.00,27.00,11.00,18.00,6.00,101.00,27.00,3.00,24.00,1.00,10.00,1.00,11.00,0,5.28,122.14,397.29,14.59,14.59,17.21,11.68,5.28,33.11,40.71,1.21,1.33,1.33,5.74,3.89,1.00,0.91,0.33,0.46
30,3,1,3,435,2.00,11.00,5.50,11.00,5.50,37.00,9.00,37.00,6.73,83.00,51.50,19.00,84.00,2.00,7.00,3.00,8.00,0,6.76,299.69,48.79,11.90,11.90,64.39,27.72,3.38,4.44,27.24,1.81,1.32,1.32,5.85,2.52,0.67,0.88,0.16,0.10
30,2,0,2,341,6.00,13.00,2.17,6.00,1.00,9.17,5.00,2.33,1.08,22.00,13.17,16.00,63.00,1.00,4.00,1.00,5.00,5,25.18,295.39,95.51,10.63,10.63,139.21,19.39,4.20,15.92,22.72,2.24,2.13,2.13,10.71,1.49,1.00,0.80,0.06,0.08
30,1,2,4,408,2.00,9.00,4.50,7.00,3.50,27.00,5.00,27.00,6.00,72.00,43.50,32.00,55.00,3.00,2.00,4.00,3.00,0,11.99,284.75,81.22,68.23,2.26,53.42,13.84,6.00,11.60,31.64,1.98,13.65,0.45,5.94,1.54,0.75,0.67,0.12,0.05
38,2,0,1,347,2.00,4.00,2.00,13.00,6.50,15.00,6.00,14.50,7.25,74.50,15.00,6.00,24.00,3.00,3.00,3.00,10.00,2,18.29,109.91,218.53,17.34,12.09,18.48,13.04,9.14,16.81,27.48,0.74,2.89,2.02,4.62,3.26,1.00,0.30,0.50,0.42
38,4,4,3,435,2.00,3.00,1.50,8.00,4.00,11.50,4.00,9.00,6.00,26.00,12.00,12.00,12.00,4.00,0.00,6.00,2.00,0,27.58,112.45,207.86,10.39,10.39,43.97,7.90,13.79,25.98,37.48,2.16,2.60,2.60,14.66,2.63,0.67,0.00,0.50,0.17
38,3,1,2,341,1.00,2.00,2.00,8.00,8.00,10.00,6.00,9.00,4.50,48.00,14.00,2.00,12.00,1.00,5.00,1.00,7.00,0,9.29,53.41,275.64,9.88,9.88,13.12,13.12,9.29,34.45,26.70,1.11,1.65,1.65,6.56,6.56,1.00,0.71,0.50,0.58
38,1,2,4,408,1.00,3.00,3.00,10.00,10.00,30.00,8.00,30.00,10.00,62.00,30.00,12.00,18.00,2.00,6.00,3.00,7.00,0,24.45,100.07,230.23,18.00,18.00,25.09,25.09,24.45,23.02,33.36,1.61,2.25,2.25,8.36,8.36,0.67,0.86,0.25,0.39
40,3,1,1,347,3.00,4.00,1.33,7.00,2.33,3.00,2.00,1.33,1.00,17.33,7.00,3.00,18.00,0.00,2.00,2.00,5.00,1,23.32,70.07,262.09,2.19,2.19,14.32,14.32,7.77,37.44,17.52,1.35,1.09,1.09,3.58,3.58,0.00,0.40,0.67,0.28
40,2,0,2,341,11.00,12.00,1.09,1.00,0.09,0.18,0.00,0.00,0.00,5.27,3.55,5.00,34.00,0.00,0.00,0.00,1.00,7,86.94,239.04,22.05,0.00,0.00,185.34,10.14,7.90,22.05,19.92,4.12,0.00,0.00,15.45,0.84,0.00,0.00,0.00,0.03
40,4,4,3,435,1.00,1.00,1.00,5.00,5.00,6.00,2.00,5.00,5.00,26.00,6.00,1.00,5.00,1.00,1.00,1.00,4.00,0,9.48,53.11,284.69,95.40,4.20,4.85,4.85,9.48,56.94,53.11,2.04,47.70,2.10,4.85,4.85,1.00,0.25,1.00,0.80
40,1,2,4,408,5.00,5.00,1.00,8.00,1.60,2.00,0.00,0.00,0.00,7.40,4.20,9.00,12.00,0.00,0.00,4.00,4.00,2,26.23,105.93,210.89,0.00,0.00,20.09,20.09,5.25,26.36,21.19,2.86,0.00,0.00,4.02,4.02,0.00,0.00,0.44,0.33
23,3,1,1,347,3.00,4.00,1.33,12.00,4.00,11.00,12.00,11.00,8.25,35.33,13.33,4.00,36.00,2.00,10.00,2.00,10.00,0,43.56,229.24,76.62,17.40,17.40,49.54,28.84,14.52,6.39,57.31,2.16,1.45,1.45,12.38,7.21,1.00,1.00,0.50,0.28
23,2,0,2,341,6.00,11.00,1.83,10.00,1.67,9.33,8.00,6.00,3.27,22.67,14.83,13.00,76.00,1.00,7.00,2.00,8.00,0,135.18,177.49,41.17,7.77,7.77,51.69,51.69,22.53,4.12,16.14,1.31,0.97,0.97,4.70,4.70,0.50,0.88,0.15,0.11
23,1,2,3,435,3.00,6.00,2.00,13.00,4.33,12.33,12.00,12.33,6.17,34.33,16.00,13.00,35.00,5.00,7.00,6.00,7.00,0,26.61,502.18,58.45,15.20,15.20,401.28,37.67,8.87,4.50,83.70,4.88,1.27,1.27,66.88,6.28,0.83,1.00,0.46,0.20
23,4,4,4,408,2.00,5.00,2.50,11.00,5.50,14.00,11.00,14.00,5.60,26.50,17.50,2.00,33.00,0.00,11.00,0.00,11.00,1,22.50,288.47,53.57,14.66,14.66,71.14,18.64,11.25,4.87,57.69,5.44,1.33,1.33,14.23,3.73,0.00,1.00,0.00,0.33
21,2,0,1,347,3.00,8.00,2.67,5.00,1.67,13.33,3.00,5.33,2.00,22.00,20.67,1.00,61.00,1.00,2.00,1.00,4.00,1,22.60,93.69,223.53,8.89,8.89,29.60,23.41,7.53,44.71,11.71,1.42,2.96,2.96,3.70,2.93,1.00,0.50,1.00,0.07
21,4,4,2,341,2.00,2.00,1.00,6.00,3.00,5.50,4.00,5.50,5.50,32.00,9.00,3.00,15.00,1.00,3.00,2.00,4.00,0,14.68,213.89,128.34,16.52,4.40,50.99,8.21,7.34,21.39,106.94,3.34,4.13,1.10,25.49,4.11,0.50,0.75,0.67,0.27
21,1,2,3,435,1.00,2.00,2.00,10.00,10.00,12.00,9.00,12.00,6.00,72.00,13.00,7.00,6.00,5.00,4.00,5.00,5.00,0,16.80,103.75,226.39,15.84,10.20,29.49,15.58,16.80,22.64,51.88,1.44,1.76,1.13,14.74,7.79,1.00,0.80,0.71,0.83
21,3,1,4,408,3.00,4.00,1.33,17.00,5.67,7.67,12.00,7.00,5.25,42.33,8.00,4.00,20.00,1.00,11.00,2.00,15.00,1,14.47,115.95,219.05,26.52,16.24,32.64,26.78,4.82,12.89,28.99,0.91,2.21,1.35,8.16,6.70,0.50,0.73,0.50,0.75

